{
    "early_stop": false,
    "epoch": 15.0,
    "eval/gating/layer_10_adapter-empathy": 0.779324471950531,
    "eval/gating/layer_10_lora_query": 0.8886029720306396,
    "eval/gating/layer_10_lora_value": 0.7646099328994751,
    "eval/gating/layer_10_prefix": 0.7749066352844238,
    "eval/gating/layer_11_adapter-empathy": 0.7702685594558716,
    "eval/gating/layer_11_lora_query": 0.8736537098884583,
    "eval/gating/layer_11_lora_value": 0.7247036695480347,
    "eval/gating/layer_11_prefix": 0.5296089053153992,
    "eval/gating/layer_12_adapter-empathy": 0.6331546902656555,
    "eval/gating/layer_12_lora_query": 0.9006330370903015,
    "eval/gating/layer_12_lora_value": 0.7034775614738464,
    "eval/gating/layer_12_prefix": 0.7126737833023071,
    "eval/gating/layer_1_adapter-empathy": 0.816360354423523,
    "eval/gating/layer_1_lora_query": 0.7596833109855652,
    "eval/gating/layer_1_lora_value": 0.75490802526474,
    "eval/gating/layer_1_prefix": 0.636911928653717,
    "eval/gating/layer_2_adapter-empathy": 0.8769695162773132,
    "eval/gating/layer_2_lora_query": 0.8178772926330566,
    "eval/gating/layer_2_lora_value": 0.7733950614929199,
    "eval/gating/layer_2_prefix": 0.7642192840576172,
    "eval/gating/layer_3_adapter-empathy": 0.870263397693634,
    "eval/gating/layer_3_lora_query": 0.892913818359375,
    "eval/gating/layer_3_lora_value": 0.6678032875061035,
    "eval/gating/layer_3_prefix": 0.6849778294563293,
    "eval/gating/layer_4_adapter-empathy": 0.8484859466552734,
    "eval/gating/layer_4_lora_query": 0.9174238443374634,
    "eval/gating/layer_4_lora_value": 0.7690593600273132,
    "eval/gating/layer_4_prefix": 0.7006847858428955,
    "eval/gating/layer_5_adapter-empathy": 0.8587396740913391,
    "eval/gating/layer_5_lora_query": 0.8854697942733765,
    "eval/gating/layer_5_lora_value": 0.7557461261749268,
    "eval/gating/layer_5_prefix": 0.5693519115447998,
    "eval/gating/layer_6_adapter-empathy": 0.7996779680252075,
    "eval/gating/layer_6_lora_query": 0.9364389777183533,
    "eval/gating/layer_6_lora_value": 0.7965613603591919,
    "eval/gating/layer_6_prefix": 0.6744257211685181,
    "eval/gating/layer_7_adapter-empathy": 0.7975820899009705,
    "eval/gating/layer_7_lora_query": 0.9264364838600159,
    "eval/gating/layer_7_lora_value": 0.8142203688621521,
    "eval/gating/layer_7_prefix": 0.6096228361129761,
    "eval/gating/layer_8_adapter-empathy": 0.7885193228721619,
    "eval/gating/layer_8_lora_query": 0.9016170501708984,
    "eval/gating/layer_8_lora_value": 0.7371839284896851,
    "eval/gating/layer_8_prefix": 0.687160849571228,
    "eval/gating/layer_9_adapter-empathy": 0.7794962525367737,
    "eval/gating/layer_9_lora_query": 0.8927643299102783,
    "eval/gating/layer_9_lora_value": 0.7165629863739014,
    "eval/gating/layer_9_prefix": 0.4799061715602875,
    "eval/loss": 0.08418973535299301,
    "eval/mse": 0.13087692856788635,
    "eval/pearsonr": 0.40407163175119964,
    "eval/runtime": 3.1456,
    "eval/samples_per_second": 85.833,
    "eval_mem_cpu_alloc_delta": 57344,
    "eval_mem_cpu_peaked_delta": 0,
    "eval_mem_gpu_alloc_delta": 0,
    "eval_mem_gpu_peaked_delta": 207628288,
    "eval_samples": 270,
    "is_best": false
}