{
    "early_stop": false,
    "epoch": 15.0,
    "eval/gating/layer_10_prefix": 0.8143438696861267,
    "eval/gating/layer_11_prefix": 0.4571390450000763,
    "eval/gating/layer_12_prefix": 0.5537857413291931,
    "eval/gating/layer_1_prefix": 0.7369970679283142,
    "eval/gating/layer_2_prefix": 0.8450060486793518,
    "eval/gating/layer_3_prefix": 0.8805087208747864,
    "eval/gating/layer_4_prefix": 0.7435644268989563,
    "eval/gating/layer_5_prefix": 0.5525571703910828,
    "eval/gating/layer_6_prefix": 0.5486278533935547,
    "eval/gating/layer_7_prefix": 0.4837903082370758,
    "eval/gating/layer_8_prefix": 0.6713851094245911,
    "eval/gating/layer_9_prefix": 0.8582260608673096,
    "eval/loss": 0.07969391345977783,
    "eval/mse": 0.12173809111118317,
    "eval/pearsonr": 0.4219030667649375,
    "eval/runtime": 1.2571,
    "eval/samples_per_second": 214.785,
    "eval_mem_cpu_alloc_delta": 8192,
    "eval_mem_cpu_peaked_delta": 0,
    "eval_mem_gpu_alloc_delta": 0,
    "eval_mem_gpu_peaked_delta": 207627776,
    "eval_samples": 270,
    "is_best": false
}