{
    "early_stop": false,
    "epoch": 15.0,
    "eval/gating/layer_10_adapter-distress": 0.7386008501052856,
    "eval/gating/layer_10_lora_query": 0.9742876887321472,
    "eval/gating/layer_10_lora_value": 0.9067838788032532,
    "eval/gating/layer_10_prefix": 0.6756356358528137,
    "eval/gating/layer_11_adapter-distress": 0.6207084655761719,
    "eval/gating/layer_11_lora_query": 0.951029360294342,
    "eval/gating/layer_11_lora_value": 0.9288550615310669,
    "eval/gating/layer_11_prefix": 0.675690233707428,
    "eval/gating/layer_12_adapter-distress": 0.8063886761665344,
    "eval/gating/layer_12_lora_query": 0.8462442755699158,
    "eval/gating/layer_12_lora_value": 0.8602926135063171,
    "eval/gating/layer_12_prefix": 0.66835618019104,
    "eval/gating/layer_1_adapter-distress": 0.7658975720405579,
    "eval/gating/layer_1_lora_query": 0.8514943718910217,
    "eval/gating/layer_1_lora_value": 0.798454999923706,
    "eval/gating/layer_1_prefix": 0.762975811958313,
    "eval/gating/layer_2_adapter-distress": 0.8272417187690735,
    "eval/gating/layer_2_lora_query": 0.9022265076637268,
    "eval/gating/layer_2_lora_value": 0.7981470227241516,
    "eval/gating/layer_2_prefix": 0.8631693124771118,
    "eval/gating/layer_3_adapter-distress": 0.6889565587043762,
    "eval/gating/layer_3_lora_query": 0.9630444049835205,
    "eval/gating/layer_3_lora_value": 0.8041768670082092,
    "eval/gating/layer_3_prefix": 0.7467432618141174,
    "eval/gating/layer_4_adapter-distress": 0.7347337603569031,
    "eval/gating/layer_4_lora_query": 0.9611941576004028,
    "eval/gating/layer_4_lora_value": 0.8458582162857056,
    "eval/gating/layer_4_prefix": 0.7086926102638245,
    "eval/gating/layer_5_adapter-distress": 0.7440634369850159,
    "eval/gating/layer_5_lora_query": 0.9622902870178223,
    "eval/gating/layer_5_lora_value": 0.7768105864524841,
    "eval/gating/layer_5_prefix": 0.6624671816825867,
    "eval/gating/layer_6_adapter-distress": 0.6190976500511169,
    "eval/gating/layer_6_lora_query": 0.9623968005180359,
    "eval/gating/layer_6_lora_value": 0.839340329170227,
    "eval/gating/layer_6_prefix": 0.644348680973053,
    "eval/gating/layer_7_adapter-distress": 0.6965945959091187,
    "eval/gating/layer_7_lora_query": 0.966852068901062,
    "eval/gating/layer_7_lora_value": 0.8807858228683472,
    "eval/gating/layer_7_prefix": 0.8061169981956482,
    "eval/gating/layer_8_adapter-distress": 0.5914510488510132,
    "eval/gating/layer_8_lora_query": 0.9692971110343933,
    "eval/gating/layer_8_lora_value": 0.8359846472740173,
    "eval/gating/layer_8_prefix": 0.6422481536865234,
    "eval/gating/layer_9_adapter-distress": 0.6180181503295898,
    "eval/gating/layer_9_lora_query": 0.9405155777931213,
    "eval/gating/layer_9_lora_value": 0.8095300197601318,
    "eval/gating/layer_9_prefix": 0.7239251136779785,
    "eval/loss": 0.10511241853237152,
    "eval/mse": 0.16384410858154297,
    "eval/pearsonr": 0.37231504481340216,
    "eval/runtime": 3.389,
    "eval/samples_per_second": 79.669,
    "eval_mem_cpu_alloc_delta": 32768,
    "eval_mem_cpu_peaked_delta": 0,
    "eval_mem_gpu_alloc_delta": 0,
    "eval_mem_gpu_peaked_delta": 207627776,
    "eval_samples": 270,
    "is_best": false
}