{
    "early_stop": false,
    "epoch": 15.0,
    "eval/gating/layer_10_prefix": 0.6985514760017395,
    "eval/gating/layer_11_prefix": 0.47210362553596497,
    "eval/gating/layer_12_prefix": 0.550369381904602,
    "eval/gating/layer_1_prefix": 0.6731765270233154,
    "eval/gating/layer_2_prefix": 0.7975990772247314,
    "eval/gating/layer_3_prefix": 0.8970592617988586,
    "eval/gating/layer_4_prefix": 0.6998151540756226,
    "eval/gating/layer_5_prefix": 0.740551233291626,
    "eval/gating/layer_6_prefix": 0.6942141652107239,
    "eval/gating/layer_7_prefix": 0.467597633600235,
    "eval/gating/layer_8_prefix": 0.5915826559066772,
    "eval/gating/layer_9_prefix": 0.8620905876159668,
    "eval/loss": 0.087003193795681,
    "eval/mse": 0.14164091646671295,
    "eval/pearsonr": 0.433955882554295,
    "eval/runtime": 1.2591,
    "eval/samples_per_second": 214.442,
    "eval_mem_cpu_alloc_delta": 20480,
    "eval_mem_cpu_peaked_delta": 0,
    "eval_mem_gpu_alloc_delta": 0,
    "eval_mem_gpu_peaked_delta": 207627776,
    "eval_samples": 270,
    "is_best": false
}