{
    "early_stop": false,
    "epoch": 15.0,
    "eval/gating/layer_10_prefix": 0.7858375906944275,
    "eval/gating/layer_11_prefix": 0.5946318507194519,
    "eval/gating/layer_12_prefix": 0.49900659918785095,
    "eval/gating/layer_1_prefix": 0.7767069339752197,
    "eval/gating/layer_2_prefix": 0.8583577871322632,
    "eval/gating/layer_3_prefix": 0.8476800918579102,
    "eval/gating/layer_4_prefix": 0.7951544523239136,
    "eval/gating/layer_5_prefix": 0.7714264988899231,
    "eval/gating/layer_6_prefix": 0.714858889579773,
    "eval/gating/layer_7_prefix": 0.7636546492576599,
    "eval/gating/layer_8_prefix": 0.7794655561447144,
    "eval/gating/layer_9_prefix": 0.8496307730674744,
    "eval/loss": 0.08321613818407059,
    "eval/mse": 0.12202117592096329,
    "eval/pearsonr": 0.3871366852733924,
    "eval/runtime": 1.6457,
    "eval/samples_per_second": 164.069,
    "eval_mem_cpu_alloc_delta": 8192,
    "eval_mem_cpu_peaked_delta": 0,
    "eval_mem_gpu_alloc_delta": 0,
    "eval_mem_gpu_peaked_delta": 207628288,
    "eval_samples": 270,
    "is_best": false
}