{
    "early_stop": false,
    "epoch": 15.0,
    "eval/gating/layer_10_adapter-empathy": 0.8498024940490723,
    "eval/gating/layer_11_adapter-empathy": 0.8532691597938538,
    "eval/gating/layer_12_adapter-empathy": 0.6978574395179749,
    "eval/gating/layer_1_adapter-empathy": 0.8973680138587952,
    "eval/gating/layer_2_adapter-empathy": 0.8771251440048218,
    "eval/gating/layer_3_adapter-empathy": 0.9012621641159058,
    "eval/gating/layer_4_adapter-empathy": 0.8821239471435547,
    "eval/gating/layer_5_adapter-empathy": 0.8713823556900024,
    "eval/gating/layer_6_adapter-empathy": 0.9040356278419495,
    "eval/gating/layer_7_adapter-empathy": 0.8638916015625,
    "eval/gating/layer_8_adapter-empathy": 0.8941317796707153,
    "eval/gating/layer_9_adapter-empathy": 0.6863901019096375,
    "eval/loss": 0.07946085184812546,
    "eval/mse": 0.13609354197978973,
    "eval/pearsonr": 0.4558964502326156,
    "eval/runtime": 2.0517,
    "eval/samples_per_second": 131.6,
    "eval_mem_cpu_alloc_delta": 4096,
    "eval_mem_cpu_peaked_delta": 0,
    "eval_mem_gpu_alloc_delta": 0,
    "eval_mem_gpu_peaked_delta": 188864512,
    "eval_samples": 270,
    "is_best": false
}