{
    "early_stop": false,
    "epoch": 15.0,
    "eval/gating/layer_10_adapter-empathy": 0.800682008266449,
    "eval/gating/layer_10_lora_query": 0.9487107396125793,
    "eval/gating/layer_10_lora_value": 0.8172206878662109,
    "eval/gating/layer_10_prefix": 0.48257601261138916,
    "eval/gating/layer_11_adapter-empathy": 0.8985676169395447,
    "eval/gating/layer_11_lora_query": 0.8977819085121155,
    "eval/gating/layer_11_lora_value": 0.9050565958023071,
    "eval/gating/layer_11_prefix": 0.4502089321613312,
    "eval/gating/layer_12_adapter-empathy": 0.7645328640937805,
    "eval/gating/layer_12_lora_query": 0.9362034797668457,
    "eval/gating/layer_12_lora_value": 0.9283527135848999,
    "eval/gating/layer_12_prefix": 0.7636696696281433,
    "eval/gating/layer_1_adapter-empathy": 0.9003828763961792,
    "eval/gating/layer_1_lora_query": 0.8371583223342896,
    "eval/gating/layer_1_lora_value": 0.8143981099128723,
    "eval/gating/layer_1_prefix": 0.7455398440361023,
    "eval/gating/layer_2_adapter-empathy": 0.9350652694702148,
    "eval/gating/layer_2_lora_query": 0.8946028351783752,
    "eval/gating/layer_2_lora_value": 0.7968639135360718,
    "eval/gating/layer_2_prefix": 0.8527440428733826,
    "eval/gating/layer_3_adapter-empathy": 0.854423463344574,
    "eval/gating/layer_3_lora_query": 0.9609984755516052,
    "eval/gating/layer_3_lora_value": 0.8128642439842224,
    "eval/gating/layer_3_prefix": 0.8541824221611023,
    "eval/gating/layer_4_adapter-empathy": 0.8668305277824402,
    "eval/gating/layer_4_lora_query": 0.946789562702179,
    "eval/gating/layer_4_lora_value": 0.7298429012298584,
    "eval/gating/layer_4_prefix": 0.7156463861465454,
    "eval/gating/layer_5_adapter-empathy": 0.8724349141120911,
    "eval/gating/layer_5_lora_query": 0.9643164277076721,
    "eval/gating/layer_5_lora_value": 0.8020350337028503,
    "eval/gating/layer_5_prefix": 0.7477654218673706,
    "eval/gating/layer_6_adapter-empathy": 0.898370087146759,
    "eval/gating/layer_6_lora_query": 0.9253972768783569,
    "eval/gating/layer_6_lora_value": 0.7503960132598877,
    "eval/gating/layer_6_prefix": 0.6644861102104187,
    "eval/gating/layer_7_adapter-empathy": 0.813620388507843,
    "eval/gating/layer_7_lora_query": 0.9289242029190063,
    "eval/gating/layer_7_lora_value": 0.7914251089096069,
    "eval/gating/layer_7_prefix": 0.8153058886528015,
    "eval/gating/layer_8_adapter-empathy": 0.7520865201950073,
    "eval/gating/layer_8_lora_query": 0.9590228199958801,
    "eval/gating/layer_8_lora_value": 0.797403872013092,
    "eval/gating/layer_8_prefix": 0.8027858734130859,
    "eval/gating/layer_9_adapter-empathy": 0.8360978960990906,
    "eval/gating/layer_9_lora_query": 0.9319853186607361,
    "eval/gating/layer_9_lora_value": 0.671362042427063,
    "eval/gating/layer_9_prefix": 0.6854930520057678,
    "eval/loss": 0.0801556184887886,
    "eval/mse": 0.13257716596126556,
    "eval/pearsonr": 0.4416249920235741,
    "eval/runtime": 2.0836,
    "eval/samples_per_second": 129.581,
    "eval_mem_cpu_alloc_delta": 12288,
    "eval_mem_cpu_peaked_delta": 0,
    "eval_mem_gpu_alloc_delta": 0,
    "eval_mem_gpu_peaked_delta": 207628288,
    "eval_samples": 270,
    "is_best": false
}