{
    "early_stop": false,
    "epoch": 15.0,
    "eval/gating/layer_10_adapter-empathy": 0.8652404546737671,
    "eval/gating/layer_11_adapter-empathy": 0.8159093260765076,
    "eval/gating/layer_12_adapter-empathy": 0.7521706819534302,
    "eval/gating/layer_1_adapter-empathy": 0.9494239687919617,
    "eval/gating/layer_2_adapter-empathy": 0.9261045455932617,
    "eval/gating/layer_3_adapter-empathy": 0.8978070616722107,
    "eval/gating/layer_4_adapter-empathy": 0.8864139318466187,
    "eval/gating/layer_5_adapter-empathy": 0.8067781329154968,
    "eval/gating/layer_6_adapter-empathy": 0.8912094831466675,
    "eval/gating/layer_7_adapter-empathy": 0.8428741097450256,
    "eval/gating/layer_8_adapter-empathy": 0.7101747393608093,
    "eval/gating/layer_9_adapter-empathy": 0.6930502653121948,
    "eval/loss": 0.08290303498506546,
    "eval/mse": 0.13131463527679443,
    "eval/pearsonr": 0.41618627970045335,
    "eval/runtime": 1.9939,
    "eval/samples_per_second": 135.416,
    "eval_mem_cpu_alloc_delta": 8192,
    "eval_mem_cpu_peaked_delta": 0,
    "eval_mem_gpu_alloc_delta": 0,
    "eval_mem_gpu_peaked_delta": 188864512,
    "eval_samples": 270,
    "is_best": false
}