{
    "early_stop": false,
    "epoch": 15.0,
    "eval/gating/layer_10_lora_query": 0.980673611164093,
    "eval/gating/layer_10_lora_value": 0.7734969854354858,
    "eval/gating/layer_11_lora_query": 0.9738925099372864,
    "eval/gating/layer_11_lora_value": 0.736335277557373,
    "eval/gating/layer_12_lora_query": 0.962948739528656,
    "eval/gating/layer_12_lora_value": 0.8032801747322083,
    "eval/gating/layer_1_lora_query": 0.9800113439559937,
    "eval/gating/layer_1_lora_value": 0.9642945528030396,
    "eval/gating/layer_2_lora_query": 0.9827000498771667,
    "eval/gating/layer_2_lora_value": 0.9066089987754822,
    "eval/gating/layer_3_lora_query": 0.9977796077728271,
    "eval/gating/layer_3_lora_value": 0.9467048645019531,
    "eval/gating/layer_4_lora_query": 0.9911407232284546,
    "eval/gating/layer_4_lora_value": 0.9270006418228149,
    "eval/gating/layer_5_lora_query": 0.9949232339859009,
    "eval/gating/layer_5_lora_value": 0.9410589933395386,
    "eval/gating/layer_6_lora_query": 0.9892239570617676,
    "eval/gating/layer_6_lora_value": 0.9272964596748352,
    "eval/gating/layer_7_lora_query": 0.9909642934799194,
    "eval/gating/layer_7_lora_value": 0.9621187448501587,
    "eval/gating/layer_8_lora_query": 0.9921917915344238,
    "eval/gating/layer_8_lora_value": 0.9227252006530762,
    "eval/gating/layer_9_lora_query": 0.9896085262298584,
    "eval/gating/layer_9_lora_value": 0.8439487814903259,
    "eval/loss": 0.09425956010818481,
    "eval/mse": 0.1416248381137848,
    "eval/pearsonr": 0.35750592026452915,
    "eval/runtime": 1.3317,
    "eval/samples_per_second": 202.755,
    "eval_mem_cpu_alloc_delta": 16384,
    "eval_mem_cpu_peaked_delta": 0,
    "eval_mem_gpu_alloc_delta": 0,
    "eval_mem_gpu_peaked_delta": 188864000,
    "eval_samples": 270,
    "is_best": false
}