{
    "early_stop": false,
    "epoch": 15.0,
    "eval/gating/layer_10_adapter-empathy": 0.8315616250038147,
    "eval/gating/layer_10_lora_query": 0.9708854556083679,
    "eval/gating/layer_10_lora_value": 0.6890161037445068,
    "eval/gating/layer_10_prefix": 0.6327260732650757,
    "eval/gating/layer_11_adapter-empathy": 0.8314120769500732,
    "eval/gating/layer_11_lora_query": 0.9578095078468323,
    "eval/gating/layer_11_lora_value": 0.8295955061912537,
    "eval/gating/layer_11_prefix": 0.4845142662525177,
    "eval/gating/layer_12_adapter-empathy": 0.7204095125198364,
    "eval/gating/layer_12_lora_query": 0.9415802359580994,
    "eval/gating/layer_12_lora_value": 0.8331429362297058,
    "eval/gating/layer_12_prefix": 0.5870681405067444,
    "eval/gating/layer_1_adapter-empathy": 0.96465003490448,
    "eval/gating/layer_1_lora_query": 0.9429017305374146,
    "eval/gating/layer_1_lora_value": 0.8696858286857605,
    "eval/gating/layer_1_prefix": 0.7606659531593323,
    "eval/gating/layer_2_adapter-empathy": 0.9670624732971191,
    "eval/gating/layer_2_lora_query": 0.9802194237709045,
    "eval/gating/layer_2_lora_value": 0.8165300488471985,
    "eval/gating/layer_2_prefix": 0.7979584336280823,
    "eval/gating/layer_3_adapter-empathy": 0.95177161693573,
    "eval/gating/layer_3_lora_query": 0.9925322532653809,
    "eval/gating/layer_3_lora_value": 0.7808760404586792,
    "eval/gating/layer_3_prefix": 0.8347525000572205,
    "eval/gating/layer_4_adapter-empathy": 0.9484104514122009,
    "eval/gating/layer_4_lora_query": 0.9790303111076355,
    "eval/gating/layer_4_lora_value": 0.8377779722213745,
    "eval/gating/layer_4_prefix": 0.6509720087051392,
    "eval/gating/layer_5_adapter-empathy": 0.8705681562423706,
    "eval/gating/layer_5_lora_query": 0.9936823844909668,
    "eval/gating/layer_5_lora_value": 0.8463180661201477,
    "eval/gating/layer_5_prefix": 0.43453168869018555,
    "eval/gating/layer_6_adapter-empathy": 0.8158994317054749,
    "eval/gating/layer_6_lora_query": 0.9824448823928833,
    "eval/gating/layer_6_lora_value": 0.9513929486274719,
    "eval/gating/layer_6_prefix": 0.6630484461784363,
    "eval/gating/layer_7_adapter-empathy": 0.829023540019989,
    "eval/gating/layer_7_lora_query": 0.9840278625488281,
    "eval/gating/layer_7_lora_value": 0.9263179302215576,
    "eval/gating/layer_7_prefix": 0.7103382349014282,
    "eval/gating/layer_8_adapter-empathy": 0.6894655227661133,
    "eval/gating/layer_8_lora_query": 0.9686307311058044,
    "eval/gating/layer_8_lora_value": 0.7354451417922974,
    "eval/gating/layer_8_prefix": 0.6403675079345703,
    "eval/gating/layer_9_adapter-empathy": 0.6916487216949463,
    "eval/gating/layer_9_lora_query": 0.9794055223464966,
    "eval/gating/layer_9_lora_value": 0.7260168194770813,
    "eval/gating/layer_9_prefix": 0.7242401242256165,
    "eval/loss": 0.09449460357427597,
    "eval/mse": 0.14495976269245148,
    "eval/pearsonr": 0.36769224201970085,
    "eval/runtime": 1.6951,
    "eval/samples_per_second": 159.283,
    "eval_mem_cpu_alloc_delta": 20480,
    "eval_mem_cpu_peaked_delta": 0,
    "eval_mem_gpu_alloc_delta": 0,
    "eval_mem_gpu_peaked_delta": 207627776,
    "eval_samples": 270,
    "is_best": false
}