{
    "early_stop": false,
    "epoch": 15.0,
    "eval/gating/layer_10_adapter-empathy": 0.7776386737823486,
    "eval/gating/layer_10_lora_query": 0.8825213313102722,
    "eval/gating/layer_10_lora_value": 0.6516532897949219,
    "eval/gating/layer_10_prefix": 0.7263284921646118,
    "eval/gating/layer_11_adapter-empathy": 0.7899833917617798,
    "eval/gating/layer_11_lora_query": 0.8338521718978882,
    "eval/gating/layer_11_lora_value": 0.8467926383018494,
    "eval/gating/layer_11_prefix": 0.720004141330719,
    "eval/gating/layer_12_adapter-empathy": 0.7049207091331482,
    "eval/gating/layer_12_lora_query": 0.8151639103889465,
    "eval/gating/layer_12_lora_value": 0.8272796273231506,
    "eval/gating/layer_12_prefix": 0.7670105695724487,
    "eval/gating/layer_1_adapter-empathy": 0.8691211938858032,
    "eval/gating/layer_1_lora_query": 0.8099343180656433,
    "eval/gating/layer_1_lora_value": 0.7782827615737915,
    "eval/gating/layer_1_prefix": 0.7726522088050842,
    "eval/gating/layer_2_adapter-empathy": 0.8710181713104248,
    "eval/gating/layer_2_lora_query": 0.9073364734649658,
    "eval/gating/layer_2_lora_value": 0.7062374949455261,
    "eval/gating/layer_2_prefix": 0.8578156232833862,
    "eval/gating/layer_3_adapter-empathy": 0.8355803489685059,
    "eval/gating/layer_3_lora_query": 0.9548693895339966,
    "eval/gating/layer_3_lora_value": 0.72451251745224,
    "eval/gating/layer_3_prefix": 0.8243916630744934,
    "eval/gating/layer_4_adapter-empathy": 0.8250218629837036,
    "eval/gating/layer_4_lora_query": 0.9299510717391968,
    "eval/gating/layer_4_lora_value": 0.7570531964302063,
    "eval/gating/layer_4_prefix": 0.7329285740852356,
    "eval/gating/layer_5_adapter-empathy": 0.7749853134155273,
    "eval/gating/layer_5_lora_query": 0.948447585105896,
    "eval/gating/layer_5_lora_value": 0.6672516465187073,
    "eval/gating/layer_5_prefix": 0.642766535282135,
    "eval/gating/layer_6_adapter-empathy": 0.6942433714866638,
    "eval/gating/layer_6_lora_query": 0.8827120661735535,
    "eval/gating/layer_6_lora_value": 0.6893687844276428,
    "eval/gating/layer_6_prefix": 0.7397318482398987,
    "eval/gating/layer_7_adapter-empathy": 0.7466558218002319,
    "eval/gating/layer_7_lora_query": 0.9534762501716614,
    "eval/gating/layer_7_lora_value": 0.7757493853569031,
    "eval/gating/layer_7_prefix": 0.7778341174125671,
    "eval/gating/layer_8_adapter-empathy": 0.5666227340698242,
    "eval/gating/layer_8_lora_query": 0.8840636610984802,
    "eval/gating/layer_8_lora_value": 0.7190841436386108,
    "eval/gating/layer_8_prefix": 0.797285795211792,
    "eval/gating/layer_9_adapter-empathy": 0.6908032894134521,
    "eval/gating/layer_9_lora_query": 0.9275614023208618,
    "eval/gating/layer_9_lora_value": 0.6078833937644958,
    "eval/gating/layer_9_prefix": 0.8300904631614685,
    "eval/loss": 0.08011853694915771,
    "eval/mse": 0.12794937193393707,
    "eval/pearsonr": 0.4310099196965624,
    "eval/runtime": 1.5413,
    "eval/samples_per_second": 175.173,
    "eval_mem_cpu_alloc_delta": 8192,
    "eval_mem_cpu_peaked_delta": 0,
    "eval_mem_gpu_alloc_delta": 0,
    "eval_mem_gpu_peaked_delta": 207627776,
    "eval_samples": 270,
    "is_best": false
}