{
    "early_stop": false,
    "epoch": 15.0,
    "eval/gating/layer_10_adapter-bert-base-uncased-pf-emotion": 0.5940263271331787,
    "eval/gating/layer_10_adapter-distress": 0.7974821925163269,
    "eval/gating/layer_11_adapter-bert-base-uncased-pf-emotion": 0.5210532546043396,
    "eval/gating/layer_11_adapter-distress": 0.6928641200065613,
    "eval/gating/layer_12_adapter-bert-base-uncased-pf-emotion": 0.690706729888916,
    "eval/gating/layer_12_adapter-distress": 0.7249724864959717,
    "eval/gating/layer_1_adapter-bert-base-uncased-pf-emotion": 0.5555568933486938,
    "eval/gating/layer_1_adapter-distress": 0.9137535691261292,
    "eval/gating/layer_2_adapter-bert-base-uncased-pf-emotion": 0.5948387384414673,
    "eval/gating/layer_2_adapter-distress": 0.9102359414100647,
    "eval/gating/layer_3_adapter-bert-base-uncased-pf-emotion": 0.3774023652076721,
    "eval/gating/layer_3_adapter-distress": 0.9163041710853577,
    "eval/gating/layer_4_adapter-bert-base-uncased-pf-emotion": 0.3124505877494812,
    "eval/gating/layer_4_adapter-distress": 0.861745297908783,
    "eval/gating/layer_5_adapter-bert-base-uncased-pf-emotion": 0.4380367398262024,
    "eval/gating/layer_5_adapter-distress": 0.9148744344711304,
    "eval/gating/layer_6_adapter-bert-base-uncased-pf-emotion": 0.45178312063217163,
    "eval/gating/layer_6_adapter-distress": 0.8766930103302002,
    "eval/gating/layer_7_adapter-bert-base-uncased-pf-emotion": 0.5674468278884888,
    "eval/gating/layer_7_adapter-distress": 0.8991342782974243,
    "eval/gating/layer_8_adapter-bert-base-uncased-pf-emotion": 0.42461320757865906,
    "eval/gating/layer_8_adapter-distress": 0.8789222836494446,
    "eval/gating/layer_9_adapter-bert-base-uncased-pf-emotion": 0.32217806577682495,
    "eval/gating/layer_9_adapter-distress": 0.8539239764213562,
    "eval/loss": 0.09570387750864029,
    "eval/mse": 0.15215253829956055,
    "eval/pearsonr": 0.3972588602508573,
    "eval/runtime": 1.465,
    "eval/samples_per_second": 184.301,
    "eval_mem_cpu_alloc_delta": 16384,
    "eval_mem_cpu_peaked_delta": 0,
    "eval_mem_gpu_alloc_delta": 0,
    "eval_mem_gpu_peaked_delta": 188864000,
    "eval_samples": 270,
    "is_best": false
}