{
    "early_stop": false,
    "epoch": 15.0,
    "eval/gating/layer_10_adapter-empathy": 0.7873750329017639,
    "eval/gating/layer_10_lora_query": 0.9469732642173767,
    "eval/gating/layer_10_lora_value": 0.8031133413314819,
    "eval/gating/layer_10_prefix": 0.8062179088592529,
    "eval/gating/layer_11_adapter-empathy": 0.7783206105232239,
    "eval/gating/layer_11_lora_query": 0.9407608509063721,
    "eval/gating/layer_11_lora_value": 0.7980190515518188,
    "eval/gating/layer_11_prefix": 0.5660282969474792,
    "eval/gating/layer_12_adapter-empathy": 0.6442086696624756,
    "eval/gating/layer_12_lora_query": 0.9499927759170532,
    "eval/gating/layer_12_lora_value": 0.7679030299186707,
    "eval/gating/layer_12_prefix": 0.7437896728515625,
    "eval/gating/layer_1_adapter-empathy": 0.8988987803459167,
    "eval/gating/layer_1_lora_query": 0.8359919190406799,
    "eval/gating/layer_1_lora_value": 0.8297828435897827,
    "eval/gating/layer_1_prefix": 0.7596393823623657,
    "eval/gating/layer_2_adapter-empathy": 0.9098839163780212,
    "eval/gating/layer_2_lora_query": 0.8873978853225708,
    "eval/gating/layer_2_lora_value": 0.848659336566925,
    "eval/gating/layer_2_prefix": 0.8498069643974304,
    "eval/gating/layer_3_adapter-empathy": 0.9064141511917114,
    "eval/gating/layer_3_lora_query": 0.9464582204818726,
    "eval/gating/layer_3_lora_value": 0.7633816599845886,
    "eval/gating/layer_3_prefix": 0.8280597925186157,
    "eval/gating/layer_4_adapter-empathy": 0.8741700649261475,
    "eval/gating/layer_4_lora_query": 0.9459426999092102,
    "eval/gating/layer_4_lora_value": 0.7486441731452942,
    "eval/gating/layer_4_prefix": 0.8078593611717224,
    "eval/gating/layer_5_adapter-empathy": 0.8935285806655884,
    "eval/gating/layer_5_lora_query": 0.9545908570289612,
    "eval/gating/layer_5_lora_value": 0.7462059259414673,
    "eval/gating/layer_5_prefix": 0.6912859082221985,
    "eval/gating/layer_6_adapter-empathy": 0.7988786697387695,
    "eval/gating/layer_6_lora_query": 0.9332795739173889,
    "eval/gating/layer_6_lora_value": 0.8035620450973511,
    "eval/gating/layer_6_prefix": 0.7881456017494202,
    "eval/gating/layer_7_adapter-empathy": 0.767869770526886,
    "eval/gating/layer_7_lora_query": 0.9522421956062317,
    "eval/gating/layer_7_lora_value": 0.8616469502449036,
    "eval/gating/layer_7_prefix": 0.706671953201294,
    "eval/gating/layer_8_adapter-empathy": 0.7604284286499023,
    "eval/gating/layer_8_lora_query": 0.9575513005256653,
    "eval/gating/layer_8_lora_value": 0.7555665373802185,
    "eval/gating/layer_8_prefix": 0.8437420129776001,
    "eval/gating/layer_9_adapter-empathy": 0.7680014967918396,
    "eval/gating/layer_9_lora_query": 0.9489990472793579,
    "eval/gating/layer_9_lora_value": 0.6832505464553833,
    "eval/gating/layer_9_prefix": 0.6467275023460388,
    "eval/loss": 0.08365943282842636,
    "eval/mse": 0.13416419923305511,
    "eval/pearsonr": 0.41660425270569146,
    "eval/runtime": 1.6033,
    "eval/samples_per_second": 168.402,
    "eval_mem_cpu_alloc_delta": 8192,
    "eval_mem_cpu_peaked_delta": 0,
    "eval_mem_gpu_alloc_delta": 0,
    "eval_mem_gpu_peaked_delta": 207628288,
    "eval_samples": 270,
    "is_best": false
}