{
    "early_stop": false,
    "epoch": 15.0,
    "eval/gating/layer_10_prefix": 0.6985530853271484,
    "eval/gating/layer_11_prefix": 0.45940712094306946,
    "eval/gating/layer_12_prefix": 0.4846697747707367,
    "eval/gating/layer_1_prefix": 0.7593458294868469,
    "eval/gating/layer_2_prefix": 0.8522621393203735,
    "eval/gating/layer_3_prefix": 0.7542377710342407,
    "eval/gating/layer_4_prefix": 0.7913994193077087,
    "eval/gating/layer_5_prefix": 0.8116670250892639,
    "eval/gating/layer_6_prefix": 0.631835401058197,
    "eval/gating/layer_7_prefix": 0.8170869946479797,
    "eval/gating/layer_8_prefix": 0.6970121264457703,
    "eval/gating/layer_9_prefix": 0.7776296138763428,
    "eval/loss": 0.08454187214374542,
    "eval/mse": 0.12231205403804779,
    "eval/pearsonr": 0.3752824237604123,
    "eval/runtime": 1.8728,
    "eval/samples_per_second": 144.169,
    "eval_mem_cpu_alloc_delta": 8192,
    "eval_mem_cpu_peaked_delta": 0,
    "eval_mem_gpu_alloc_delta": 0,
    "eval_mem_gpu_peaked_delta": 207628288,
    "eval_samples": 270,
    "is_best": false
}