{
    "early_stop": false,
    "epoch": 15.0,
    "eval/gating/layer_10_adapter-distress": 0.8741579055786133,
    "eval/gating/layer_11_adapter-distress": 0.896969735622406,
    "eval/gating/layer_12_adapter-distress": 0.7367425560951233,
    "eval/gating/layer_1_adapter-distress": 0.9105443954467773,
    "eval/gating/layer_2_adapter-distress": 0.9074581265449524,
    "eval/gating/layer_3_adapter-distress": 0.9095697999000549,
    "eval/gating/layer_4_adapter-distress": 0.844335675239563,
    "eval/gating/layer_5_adapter-distress": 0.9058437943458557,
    "eval/gating/layer_6_adapter-distress": 0.8694769740104675,
    "eval/gating/layer_7_adapter-distress": 0.8939303159713745,
    "eval/gating/layer_8_adapter-distress": 0.8701236248016357,
    "eval/gating/layer_9_adapter-distress": 0.8573107123374939,
    "eval/loss": 0.09465651214122772,
    "eval/mse": 0.16538813710212708,
    "eval/pearsonr": 0.4415487181020088,
    "eval/runtime": 1.3023,
    "eval/samples_per_second": 207.326,
    "eval_mem_cpu_alloc_delta": 12288,
    "eval_mem_cpu_peaked_delta": 0,
    "eval_mem_gpu_alloc_delta": 0,
    "eval_mem_gpu_peaked_delta": 188864000,
    "eval_samples": 270,
    "is_best": false
}