{
    "early_stop": false,
    "epoch": 15.0,
    "eval/gating/layer_10_adapter-distress": 0.8866755962371826,
    "eval/gating/layer_10_lora_query": 0.987673282623291,
    "eval/gating/layer_10_lora_value": 0.6552078127861023,
    "eval/gating/layer_10_prefix": 0.5767339468002319,
    "eval/gating/layer_11_adapter-distress": 0.8968106508255005,
    "eval/gating/layer_11_lora_query": 0.9178450107574463,
    "eval/gating/layer_11_lora_value": 0.8709779381752014,
    "eval/gating/layer_11_prefix": 0.5407729148864746,
    "eval/gating/layer_12_adapter-distress": 0.8133386373519897,
    "eval/gating/layer_12_lora_query": 0.9435149431228638,
    "eval/gating/layer_12_lora_value": 0.8585111498832703,
    "eval/gating/layer_12_prefix": 0.6253288388252258,
    "eval/gating/layer_1_adapter-distress": 0.9525150060653687,
    "eval/gating/layer_1_lora_query": 0.9383352994918823,
    "eval/gating/layer_1_lora_value": 0.8228164911270142,
    "eval/gating/layer_1_prefix": 0.7483773827552795,
    "eval/gating/layer_2_adapter-distress": 0.9661403298377991,
    "eval/gating/layer_2_lora_query": 0.9673691987991333,
    "eval/gating/layer_2_lora_value": 0.8015362620353699,
    "eval/gating/layer_2_prefix": 0.8453077077865601,
    "eval/gating/layer_3_adapter-distress": 0.9454677104949951,
    "eval/gating/layer_3_lora_query": 0.9940047860145569,
    "eval/gating/layer_3_lora_value": 0.8758164048194885,
    "eval/gating/layer_3_prefix": 0.7721638083457947,
    "eval/gating/layer_4_adapter-distress": 0.9434738755226135,
    "eval/gating/layer_4_lora_query": 0.9808330535888672,
    "eval/gating/layer_4_lora_value": 0.916261613368988,
    "eval/gating/layer_4_prefix": 0.44297921657562256,
    "eval/gating/layer_5_adapter-distress": 0.9150850772857666,
    "eval/gating/layer_5_lora_query": 0.9876876473426819,
    "eval/gating/layer_5_lora_value": 0.84881991147995,
    "eval/gating/layer_5_prefix": 0.32547444105148315,
    "eval/gating/layer_6_adapter-distress": 0.8358930349349976,
    "eval/gating/layer_6_lora_query": 0.9844807982444763,
    "eval/gating/layer_6_lora_value": 0.9243033528327942,
    "eval/gating/layer_6_prefix": 0.4602774679660797,
    "eval/gating/layer_7_adapter-distress": 0.8517447710037231,
    "eval/gating/layer_7_lora_query": 0.9915494918823242,
    "eval/gating/layer_7_lora_value": 0.9452192187309265,
    "eval/gating/layer_7_prefix": 0.4480132758617401,
    "eval/gating/layer_8_adapter-distress": 0.7792357802391052,
    "eval/gating/layer_8_lora_query": 0.9875033497810364,
    "eval/gating/layer_8_lora_value": 0.886744499206543,
    "eval/gating/layer_8_prefix": 0.681901216506958,
    "eval/gating/layer_9_adapter-distress": 0.7938241362571716,
    "eval/gating/layer_9_lora_query": 0.9892743229866028,
    "eval/gating/layer_9_lora_value": 0.5963348150253296,
    "eval/gating/layer_9_prefix": 0.684491753578186,
    "eval/loss": 0.10908865928649902,
    "eval/mse": 0.17413398623466492,
    "eval/pearsonr": 0.3801635220534216,
    "eval/runtime": 1.5992,
    "eval/samples_per_second": 168.835,
    "eval_mem_cpu_alloc_delta": 16384,
    "eval_mem_cpu_peaked_delta": 0,
    "eval_mem_gpu_alloc_delta": 0,
    "eval_mem_gpu_peaked_delta": 207627776,
    "eval_samples": 270,
    "is_best": false
}