{
    "early_stop": false,
    "epoch": 15.0,
    "eval/gating/layer_10_prefix": 0.6869158744812012,
    "eval/gating/layer_11_prefix": 0.6092816591262817,
    "eval/gating/layer_12_prefix": 0.4737841784954071,
    "eval/gating/layer_1_prefix": 0.706529438495636,
    "eval/gating/layer_2_prefix": 0.8076391816139221,
    "eval/gating/layer_3_prefix": 0.8163654804229736,
    "eval/gating/layer_4_prefix": 0.8357764482498169,
    "eval/gating/layer_5_prefix": 0.7513695359230042,
    "eval/gating/layer_6_prefix": 0.6183670163154602,
    "eval/gating/layer_7_prefix": 0.7858786582946777,
    "eval/gating/layer_8_prefix": 0.5543610453605652,
    "eval/gating/layer_9_prefix": 0.5999698638916016,
    "eval/loss": 0.08894070982933044,
    "eval/mse": 0.14165988564491272,
    "eval/pearsonr": 0.4187222392354825,
    "eval/runtime": 2.2699,
    "eval/samples_per_second": 118.948,
    "eval_mem_cpu_alloc_delta": 12288,
    "eval_mem_cpu_peaked_delta": 0,
    "eval_mem_gpu_alloc_delta": 0,
    "eval_mem_gpu_peaked_delta": 207628288,
    "eval_samples": 270,
    "is_best": false
}