{
    "early_stop": false,
    "epoch": 3.0,
    "eval/gating/layer_10_adapter-distress": 0.5684170722961426,
    "eval/gating/layer_11_adapter-distress": 0.7540464401245117,
    "eval/gating/layer_12_adapter-distress": 0.6117359399795532,
    "eval/gating/layer_1_adapter-distress": 0.7305791974067688,
    "eval/gating/layer_2_adapter-distress": 0.7666023969650269,
    "eval/gating/layer_3_adapter-distress": 0.6657647490501404,
    "eval/gating/layer_4_adapter-distress": 0.6488943696022034,
    "eval/gating/layer_5_adapter-distress": 0.6463883519172668,
    "eval/gating/layer_6_adapter-distress": 0.6310980319976807,
    "eval/gating/layer_7_adapter-distress": 0.7838171124458313,
    "eval/gating/layer_8_adapter-distress": 0.6115888953208923,
    "eval/gating/layer_9_adapter-distress": 0.6544359922409058,
    "eval/loss": 0.0921347439289093,
    "eval/mse": 0.11803533136844635,
    "eval/pearsonr": 0.33160278579748104,
    "eval/runtime": 2.0382,
    "eval/samples_per_second": 132.472,
    "eval_mem_cpu_alloc_delta": 4096,
    "eval_mem_cpu_peaked_delta": 0,
    "eval_mem_gpu_alloc_delta": 0,
    "eval_mem_gpu_peaked_delta": 188864512,
    "eval_samples": 270,
    "is_best": false
}