{
    "early_stop": false,
    "epoch": 15.0,
    "eval/gating/layer_10_adapter-distress": 0.7526530623435974,
    "eval/gating/layer_11_adapter-distress": 0.9135944247245789,
    "eval/gating/layer_12_adapter-distress": 0.8199983835220337,
    "eval/gating/layer_1_adapter-distress": 0.9278151988983154,
    "eval/gating/layer_2_adapter-distress": 0.9482759833335876,
    "eval/gating/layer_3_adapter-distress": 0.9205250144004822,
    "eval/gating/layer_4_adapter-distress": 0.8423786163330078,
    "eval/gating/layer_5_adapter-distress": 0.8953677415847778,
    "eval/gating/layer_6_adapter-distress": 0.8920053243637085,
    "eval/gating/layer_7_adapter-distress": 0.9399411678314209,
    "eval/gating/layer_8_adapter-distress": 0.8040661811828613,
    "eval/gating/layer_9_adapter-distress": 0.7751481533050537,
    "eval/loss": 0.09727419912815094,
    "eval/mse": 0.1626470386981964,
    "eval/pearsonr": 0.41765223020190684,
    "eval/runtime": 2.7038,
    "eval/samples_per_second": 99.86,
    "eval_mem_cpu_alloc_delta": 0,
    "eval_mem_cpu_peaked_delta": 0,
    "eval_mem_gpu_alloc_delta": 0,
    "eval_mem_gpu_peaked_delta": 188864512,
    "eval_samples": 270,
    "is_best": false
}