{
    "early_stop": false,
    "epoch": 15.0,
    "eval/gating/layer_10_adapter-bert-base-uncased-pf-emotion": 0.5836279988288879,
    "eval/gating/layer_10_adapter-empathy": 0.7953932285308838,
    "eval/gating/layer_11_adapter-bert-base-uncased-pf-emotion": 0.5029352307319641,
    "eval/gating/layer_11_adapter-empathy": 0.6614634990692139,
    "eval/gating/layer_12_adapter-bert-base-uncased-pf-emotion": 0.6515138149261475,
    "eval/gating/layer_12_adapter-empathy": 0.7114995121955872,
    "eval/gating/layer_1_adapter-bert-base-uncased-pf-emotion": 0.397877037525177,
    "eval/gating/layer_1_adapter-empathy": 0.8491186499595642,
    "eval/gating/layer_2_adapter-bert-base-uncased-pf-emotion": 0.47688084840774536,
    "eval/gating/layer_2_adapter-empathy": 0.8438676595687866,
    "eval/gating/layer_3_adapter-bert-base-uncased-pf-emotion": 0.35959362983703613,
    "eval/gating/layer_3_adapter-empathy": 0.8375288248062134,
    "eval/gating/layer_4_adapter-bert-base-uncased-pf-emotion": 0.33938896656036377,
    "eval/gating/layer_4_adapter-empathy": 0.777770459651947,
    "eval/gating/layer_5_adapter-bert-base-uncased-pf-emotion": 0.5549332499504089,
    "eval/gating/layer_5_adapter-empathy": 0.8442825675010681,
    "eval/gating/layer_6_adapter-bert-base-uncased-pf-emotion": 0.49276021122932434,
    "eval/gating/layer_6_adapter-empathy": 0.8262247443199158,
    "eval/gating/layer_7_adapter-bert-base-uncased-pf-emotion": 0.6800518035888672,
    "eval/gating/layer_7_adapter-empathy": 0.8618037104606628,
    "eval/gating/layer_8_adapter-bert-base-uncased-pf-emotion": 0.4731789231300354,
    "eval/gating/layer_8_adapter-empathy": 0.8120131492614746,
    "eval/gating/layer_9_adapter-bert-base-uncased-pf-emotion": 0.41120657324790955,
    "eval/gating/layer_9_adapter-empathy": 0.7432937622070312,
    "eval/loss": 0.07812996208667755,
    "eval/mse": 0.12265579402446747,
    "eval/pearsonr": 0.43915060192589217,
    "eval/runtime": 1.4506,
    "eval/samples_per_second": 186.135,
    "eval_mem_cpu_alloc_delta": 81920,
    "eval_mem_cpu_peaked_delta": 0,
    "eval_mem_gpu_alloc_delta": 0,
    "eval_mem_gpu_peaked_delta": 188864000,
    "eval_samples": 270,
    "is_best": false
}