{
    "early_stop": false,
    "epoch": 15.0,
    "eval/gating/layer_10_adapter-distress": 0.7653554081916809,
    "eval/gating/layer_10_lora_query": 0.9496542811393738,
    "eval/gating/layer_10_lora_value": 0.7501521110534668,
    "eval/gating/layer_10_prefix": 0.5645755529403687,
    "eval/gating/layer_11_adapter-distress": 0.7862060070037842,
    "eval/gating/layer_11_lora_query": 0.9116876721382141,
    "eval/gating/layer_11_lora_value": 0.8452730178833008,
    "eval/gating/layer_11_prefix": 0.4946308732032776,
    "eval/gating/layer_12_adapter-distress": 0.8053725957870483,
    "eval/gating/layer_12_lora_query": 0.7674909830093384,
    "eval/gating/layer_12_lora_value": 0.8060470819473267,
    "eval/gating/layer_12_prefix": 0.6656719446182251,
    "eval/gating/layer_1_adapter-distress": 0.922615647315979,
    "eval/gating/layer_1_lora_query": 0.8597492575645447,
    "eval/gating/layer_1_lora_value": 0.8049214482307434,
    "eval/gating/layer_1_prefix": 0.7771952748298645,
    "eval/gating/layer_2_adapter-distress": 0.9512144923210144,
    "eval/gating/layer_2_lora_query": 0.9123506546020508,
    "eval/gating/layer_2_lora_value": 0.8002023696899414,
    "eval/gating/layer_2_prefix": 0.8598480224609375,
    "eval/gating/layer_3_adapter-distress": 0.9157119989395142,
    "eval/gating/layer_3_lora_query": 0.970745325088501,
    "eval/gating/layer_3_lora_value": 0.8024044632911682,
    "eval/gating/layer_3_prefix": 0.8216032385826111,
    "eval/gating/layer_4_adapter-distress": 0.882104754447937,
    "eval/gating/layer_4_lora_query": 0.9352417588233948,
    "eval/gating/layer_4_lora_value": 0.769336998462677,
    "eval/gating/layer_4_prefix": 0.6907105445861816,
    "eval/gating/layer_5_adapter-distress": 0.875582218170166,
    "eval/gating/layer_5_lora_query": 0.9182072877883911,
    "eval/gating/layer_5_lora_value": 0.8178266882896423,
    "eval/gating/layer_5_prefix": 0.762658953666687,
    "eval/gating/layer_6_adapter-distress": 0.9386980533599854,
    "eval/gating/layer_6_lora_query": 0.9419610500335693,
    "eval/gating/layer_6_lora_value": 0.6892983913421631,
    "eval/gating/layer_6_prefix": 0.6877408623695374,
    "eval/gating/layer_7_adapter-distress": 0.9168363213539124,
    "eval/gating/layer_7_lora_query": 0.9451905488967896,
    "eval/gating/layer_7_lora_value": 0.7655813694000244,
    "eval/gating/layer_7_prefix": 0.7493529915809631,
    "eval/gating/layer_8_adapter-distress": 0.7491806745529175,
    "eval/gating/layer_8_lora_query": 0.9663791656494141,
    "eval/gating/layer_8_lora_value": 0.8103035688400269,
    "eval/gating/layer_8_prefix": 0.811052680015564,
    "eval/gating/layer_9_adapter-distress": 0.8421717286109924,
    "eval/gating/layer_9_lora_query": 0.9629444479942322,
    "eval/gating/layer_9_lora_value": 0.7226543426513672,
    "eval/gating/layer_9_prefix": 0.7396904230117798,
    "eval/loss": 0.09106569737195969,
    "eval/mse": 0.16047075390815735,
    "eval/pearsonr": 0.4518154475948985,
    "eval/runtime": 3.1206,
    "eval/samples_per_second": 86.523,
    "eval_mem_cpu_alloc_delta": 4096,
    "eval_mem_cpu_peaked_delta": 0,
    "eval_mem_gpu_alloc_delta": 0,
    "eval_mem_gpu_peaked_delta": 207628288,
    "eval_samples": 270,
    "is_best": false
}