{
    "early_stop": false,
    "epoch": 15.0,
    "eval/gating/layer_10_prefix": 0.5327692627906799,
    "eval/gating/layer_11_prefix": 0.5316194891929626,
    "eval/gating/layer_12_prefix": 0.4706208109855652,
    "eval/gating/layer_1_prefix": 0.7788680791854858,
    "eval/gating/layer_2_prefix": 0.8438898324966431,
    "eval/gating/layer_3_prefix": 0.9041450023651123,
    "eval/gating/layer_4_prefix": 0.67305588722229,
    "eval/gating/layer_5_prefix": 0.7264995574951172,
    "eval/gating/layer_6_prefix": 0.6848142743110657,
    "eval/gating/layer_7_prefix": 0.7330390810966492,
    "eval/gating/layer_8_prefix": 0.49431532621383667,
    "eval/gating/layer_9_prefix": 0.49707719683647156,
    "eval/loss": 0.08083873242139816,
    "eval/mse": 0.1292681097984314,
    "eval/pearsonr": 0.42765696666653724,
    "eval/runtime": 1.9092,
    "eval/samples_per_second": 141.418,
    "eval_mem_cpu_alloc_delta": 16384,
    "eval_mem_cpu_peaked_delta": 0,
    "eval_mem_gpu_alloc_delta": 0,
    "eval_mem_gpu_peaked_delta": 207628288,
    "eval_samples": 270,
    "is_best": false
}