{
    "early_stop": false,
    "epoch": 15.0,
    "eval/gating/layer_10_adapter-distress": 0.7840151786804199,
    "eval/gating/layer_10_lora_query": 0.9560244679450989,
    "eval/gating/layer_10_lora_value": 0.7306488752365112,
    "eval/gating/layer_10_prefix": 0.655813992023468,
    "eval/gating/layer_11_adapter-distress": 0.8296598792076111,
    "eval/gating/layer_11_lora_query": 0.9008958339691162,
    "eval/gating/layer_11_lora_value": 0.8961379528045654,
    "eval/gating/layer_11_prefix": 0.6797216534614563,
    "eval/gating/layer_12_adapter-distress": 0.7667232155799866,
    "eval/gating/layer_12_lora_query": 0.9423430562019348,
    "eval/gating/layer_12_lora_value": 0.8633191585540771,
    "eval/gating/layer_12_prefix": 0.7081331610679626,
    "eval/gating/layer_1_adapter-distress": 0.9092007875442505,
    "eval/gating/layer_1_lora_query": 0.8550987839698792,
    "eval/gating/layer_1_lora_value": 0.8063209056854248,
    "eval/gating/layer_1_prefix": 0.7540960311889648,
    "eval/gating/layer_2_adapter-distress": 0.9011033773422241,
    "eval/gating/layer_2_lora_query": 0.9180939197540283,
    "eval/gating/layer_2_lora_value": 0.8117716312408447,
    "eval/gating/layer_2_prefix": 0.8570982217788696,
    "eval/gating/layer_3_adapter-distress": 0.8778473734855652,
    "eval/gating/layer_3_lora_query": 0.9596000909805298,
    "eval/gating/layer_3_lora_value": 0.8385021090507507,
    "eval/gating/layer_3_prefix": 0.8368381261825562,
    "eval/gating/layer_4_adapter-distress": 0.8871383666992188,
    "eval/gating/layer_4_lora_query": 0.9626885652542114,
    "eval/gating/layer_4_lora_value": 0.8473031520843506,
    "eval/gating/layer_4_prefix": 0.752129077911377,
    "eval/gating/layer_5_adapter-distress": 0.8504101037979126,
    "eval/gating/layer_5_lora_query": 0.9630424976348877,
    "eval/gating/layer_5_lora_value": 0.772033154964447,
    "eval/gating/layer_5_prefix": 0.6198935508728027,
    "eval/gating/layer_6_adapter-distress": 0.748386800289154,
    "eval/gating/layer_6_lora_query": 0.9396094679832458,
    "eval/gating/layer_6_lora_value": 0.799440324306488,
    "eval/gating/layer_6_prefix": 0.6912386417388916,
    "eval/gating/layer_7_adapter-distress": 0.832716703414917,
    "eval/gating/layer_7_lora_query": 0.9643399119377136,
    "eval/gating/layer_7_lora_value": 0.8688783645629883,
    "eval/gating/layer_7_prefix": 0.7023433446884155,
    "eval/gating/layer_8_adapter-distress": 0.6902229189872742,
    "eval/gating/layer_8_lora_query": 0.9209322333335876,
    "eval/gating/layer_8_lora_value": 0.768557071685791,
    "eval/gating/layer_8_prefix": 0.7524247169494629,
    "eval/gating/layer_9_adapter-distress": 0.7552781105041504,
    "eval/gating/layer_9_lora_query": 0.9694916605949402,
    "eval/gating/layer_9_lora_value": 0.6167949438095093,
    "eval/gating/layer_9_prefix": 0.7326500415802002,
    "eval/loss": 0.09250634163618088,
    "eval/mse": 0.1587127149105072,
    "eval/pearsonr": 0.4389726108781183,
    "eval/runtime": 1.5938,
    "eval/samples_per_second": 169.406,
    "eval_mem_cpu_alloc_delta": 24576,
    "eval_mem_cpu_peaked_delta": 0,
    "eval_mem_gpu_alloc_delta": 0,
    "eval_mem_gpu_peaked_delta": 207627776,
    "eval_samples": 270,
    "is_best": false
}