{
    "early_stop": false,
    "epoch": 15.0,
    "eval/gating/layer_10_adapter-empathy": 0.8012164235115051,
    "eval/gating/layer_10_lora_query": 0.9545484185218811,
    "eval/gating/layer_10_lora_value": 0.8262361884117126,
    "eval/gating/layer_10_prefix": 0.4986993968486786,
    "eval/gating/layer_11_adapter-empathy": 0.8949516415596008,
    "eval/gating/layer_11_lora_query": 0.9029173851013184,
    "eval/gating/layer_11_lora_value": 0.8945947885513306,
    "eval/gating/layer_11_prefix": 0.5198793411254883,
    "eval/gating/layer_12_adapter-empathy": 0.7498895525932312,
    "eval/gating/layer_12_lora_query": 0.9370869398117065,
    "eval/gating/layer_12_lora_value": 0.9268236756324768,
    "eval/gating/layer_12_prefix": 0.7551258206367493,
    "eval/gating/layer_1_adapter-empathy": 0.914775550365448,
    "eval/gating/layer_1_lora_query": 0.8358070254325867,
    "eval/gating/layer_1_lora_value": 0.8035216927528381,
    "eval/gating/layer_1_prefix": 0.7621498703956604,
    "eval/gating/layer_2_adapter-empathy": 0.9370537400245667,
    "eval/gating/layer_2_lora_query": 0.8963545560836792,
    "eval/gating/layer_2_lora_value": 0.806896448135376,
    "eval/gating/layer_2_prefix": 0.8562572598457336,
    "eval/gating/layer_3_adapter-empathy": 0.8718670010566711,
    "eval/gating/layer_3_lora_query": 0.9710970520973206,
    "eval/gating/layer_3_lora_value": 0.8204854130744934,
    "eval/gating/layer_3_prefix": 0.8682519793510437,
    "eval/gating/layer_4_adapter-empathy": 0.8865476846694946,
    "eval/gating/layer_4_lora_query": 0.9375026226043701,
    "eval/gating/layer_4_lora_value": 0.75608891248703,
    "eval/gating/layer_4_prefix": 0.7764553427696228,
    "eval/gating/layer_5_adapter-empathy": 0.8841870427131653,
    "eval/gating/layer_5_lora_query": 0.9704385995864868,
    "eval/gating/layer_5_lora_value": 0.8336519002914429,
    "eval/gating/layer_5_prefix": 0.7860971689224243,
    "eval/gating/layer_6_adapter-empathy": 0.9045895338058472,
    "eval/gating/layer_6_lora_query": 0.9068170785903931,
    "eval/gating/layer_6_lora_value": 0.7448661923408508,
    "eval/gating/layer_6_prefix": 0.6237495541572571,
    "eval/gating/layer_7_adapter-empathy": 0.8566755652427673,
    "eval/gating/layer_7_lora_query": 0.9613779783248901,
    "eval/gating/layer_7_lora_value": 0.7895554900169373,
    "eval/gating/layer_7_prefix": 0.7957325577735901,
    "eval/gating/layer_8_adapter-empathy": 0.7717910408973694,
    "eval/gating/layer_8_lora_query": 0.9604389071464539,
    "eval/gating/layer_8_lora_value": 0.8159819841384888,
    "eval/gating/layer_8_prefix": 0.8197479844093323,
    "eval/gating/layer_9_adapter-empathy": 0.8563551902770996,
    "eval/gating/layer_9_lora_query": 0.9358073472976685,
    "eval/gating/layer_9_lora_value": 0.6459965109825134,
    "eval/gating/layer_9_prefix": 0.6404332518577576,
    "eval/loss": 0.08427367359399796,
    "eval/mse": 0.13305263221263885,
    "eval/pearsonr": 0.4084686334160843,
    "eval/runtime": 2.0904,
    "eval/samples_per_second": 129.164,
    "eval_mem_cpu_alloc_delta": 0,
    "eval_mem_cpu_peaked_delta": 0,
    "eval_mem_gpu_alloc_delta": 0,
    "eval_mem_gpu_peaked_delta": 207628288,
    "eval_samples": 270,
    "is_best": false
}