{
    "early_stop": false,
    "epoch": 15.0,
    "eval/gating/layer_10_adapter-empathy": 0.8455097675323486,
    "eval/gating/layer_11_adapter-empathy": 0.8557488918304443,
    "eval/gating/layer_12_adapter-empathy": 0.7194368243217468,
    "eval/gating/layer_1_adapter-empathy": 0.9022806882858276,
    "eval/gating/layer_2_adapter-empathy": 0.8786827921867371,
    "eval/gating/layer_3_adapter-empathy": 0.9047916531562805,
    "eval/gating/layer_4_adapter-empathy": 0.8889891505241394,
    "eval/gating/layer_5_adapter-empathy": 0.8707705140113831,
    "eval/gating/layer_6_adapter-empathy": 0.8988224267959595,
    "eval/gating/layer_7_adapter-empathy": 0.8586039543151855,
    "eval/gating/layer_8_adapter-empathy": 0.8901350498199463,
    "eval/gating/layer_9_adapter-empathy": 0.6932816505432129,
    "eval/loss": 0.08082738518714905,
    "eval/mse": 0.13718590140342712,
    "eval/pearsonr": 0.447581346059155,
    "eval/runtime": 1.7477,
    "eval/samples_per_second": 154.491,
    "eval_mem_cpu_alloc_delta": 0,
    "eval_mem_cpu_peaked_delta": 0,
    "eval_mem_gpu_alloc_delta": 0,
    "eval_mem_gpu_peaked_delta": 188864512,
    "eval_samples": 270,
    "is_best": false
}