{
    "early_stop": false,
    "epoch": 3.0,
    "eval/gating/layer_10_prefix": 0.9160897731781006,
    "eval/gating/layer_11_prefix": 0.7634547352790833,
    "eval/gating/layer_12_prefix": 0.4892578721046448,
    "eval/gating/layer_1_prefix": 0.7585546374320984,
    "eval/gating/layer_2_prefix": 0.7681125402450562,
    "eval/gating/layer_3_prefix": 0.5160629749298096,
    "eval/gating/layer_4_prefix": 0.6920931339263916,
    "eval/gating/layer_5_prefix": 0.7064804434776306,
    "eval/gating/layer_6_prefix": 0.6795006990432739,
    "eval/gating/layer_7_prefix": 0.7575033903121948,
    "eval/gating/layer_8_prefix": 0.7164156436920166,
    "eval/gating/layer_9_prefix": 0.8919177651405334,
    "eval/loss": 0.0851588174700737,
    "eval/mse": 0.11077505350112915,
    "eval/pearsonr": 0.33903924973037275,
    "eval/runtime": 1.9639,
    "eval/samples_per_second": 137.478,
    "eval_mem_cpu_alloc_delta": 0,
    "eval_mem_cpu_peaked_delta": 0,
    "eval_mem_gpu_alloc_delta": 0,
    "eval_mem_gpu_peaked_delta": 207628288,
    "eval_samples": 270,
    "is_best": false
}