{
    "early_stop": false,
    "epoch": 15.0,
    "eval/gating/layer_10_prefix": 0.5629031658172607,
    "eval/gating/layer_11_prefix": 0.5470799803733826,
    "eval/gating/layer_12_prefix": 0.48605552315711975,
    "eval/gating/layer_1_prefix": 0.8051120638847351,
    "eval/gating/layer_2_prefix": 0.8454114198684692,
    "eval/gating/layer_3_prefix": 0.8988214731216431,
    "eval/gating/layer_4_prefix": 0.6556635499000549,
    "eval/gating/layer_5_prefix": 0.6840125322341919,
    "eval/gating/layer_6_prefix": 0.6714393496513367,
    "eval/gating/layer_7_prefix": 0.715027928352356,
    "eval/gating/layer_8_prefix": 0.4937944710254669,
    "eval/gating/layer_9_prefix": 0.508105456829071,
    "eval/loss": 0.08353961259126663,
    "eval/mse": 0.13096535205841064,
    "eval/pearsonr": 0.408814990270964,
    "eval/runtime": 1.3439,
    "eval/samples_per_second": 200.913,
    "eval_mem_cpu_alloc_delta": 0,
    "eval_mem_cpu_peaked_delta": 0,
    "eval_mem_gpu_alloc_delta": 0,
    "eval_mem_gpu_peaked_delta": 207628288,
    "eval_samples": 270,
    "is_best": false
}