{
    "early_stop": false,
    "epoch": 15.0,
    "eval/gating/layer_10_prefix": 0.9004348516464233,
    "eval/gating/layer_11_prefix": 0.59635990858078,
    "eval/gating/layer_12_prefix": 0.3602513074874878,
    "eval/gating/layer_1_prefix": 0.8440303206443787,
    "eval/gating/layer_2_prefix": 0.8518555760383606,
    "eval/gating/layer_3_prefix": 0.7969152927398682,
    "eval/gating/layer_4_prefix": 0.7691857814788818,
    "eval/gating/layer_5_prefix": 0.796514093875885,
    "eval/gating/layer_6_prefix": 0.6039125919342041,
    "eval/gating/layer_7_prefix": 0.6935300230979919,
    "eval/gating/layer_8_prefix": 0.678119421005249,
    "eval/gating/layer_9_prefix": 0.884817898273468,
    "eval/loss": 0.0905146673321724,
    "eval/mse": 0.13831517100334167,
    "eval/pearsonr": 0.3782736238988116,
    "eval/runtime": 1.7151,
    "eval/samples_per_second": 157.424,
    "eval_mem_cpu_alloc_delta": 0,
    "eval_mem_cpu_peaked_delta": 0,
    "eval_mem_gpu_alloc_delta": 0,
    "eval_mem_gpu_peaked_delta": 207628288,
    "eval_samples": 270,
    "is_best": false
}