{
    "early_stop": false,
    "epoch": 15.0,
    "eval/gating/layer_10_adapter-empathy": 0.8654400706291199,
    "eval/gating/layer_11_adapter-empathy": 0.8513374328613281,
    "eval/gating/layer_12_adapter-empathy": 0.6947687864303589,
    "eval/gating/layer_1_adapter-empathy": 0.865056574344635,
    "eval/gating/layer_2_adapter-empathy": 0.8623581528663635,
    "eval/gating/layer_3_adapter-empathy": 0.8819136619567871,
    "eval/gating/layer_4_adapter-empathy": 0.8323753476142883,
    "eval/gating/layer_5_adapter-empathy": 0.8848167061805725,
    "eval/gating/layer_6_adapter-empathy": 0.8476772904396057,
    "eval/gating/layer_7_adapter-empathy": 0.8744719624519348,
    "eval/gating/layer_8_adapter-empathy": 0.8798926472663879,
    "eval/gating/layer_9_adapter-empathy": 0.7744799256324768,
    "eval/loss": 0.08785435557365417,
    "eval/mse": 0.14038003981113434,
    "eval/pearsonr": 0.40198389108397325,
    "eval/runtime": 1.3043,
    "eval/samples_per_second": 207.002,
    "eval_mem_cpu_alloc_delta": 8192,
    "eval_mem_cpu_peaked_delta": 0,
    "eval_mem_gpu_alloc_delta": 0,
    "eval_mem_gpu_peaked_delta": 188864000,
    "eval_samples": 270,
    "is_best": false
}