{
    "early_stop": false,
    "epoch": 15.0,
    "eval/gating/layer_10_adapter-distress": 0.7730576992034912,
    "eval/gating/layer_10_lora_query": 0.952271580696106,
    "eval/gating/layer_10_lora_value": 0.7092932462692261,
    "eval/gating/layer_10_prefix": 0.697567880153656,
    "eval/gating/layer_11_adapter-distress": 0.8020337820053101,
    "eval/gating/layer_11_lora_query": 0.9096670150756836,
    "eval/gating/layer_11_lora_value": 0.8846579790115356,
    "eval/gating/layer_11_prefix": 0.7049223184585571,
    "eval/gating/layer_12_adapter-distress": 0.7491716742515564,
    "eval/gating/layer_12_lora_query": 0.921181321144104,
    "eval/gating/layer_12_lora_value": 0.8268003463745117,
    "eval/gating/layer_12_prefix": 0.7530940175056458,
    "eval/gating/layer_1_adapter-distress": 0.891054093837738,
    "eval/gating/layer_1_lora_query": 0.8240466117858887,
    "eval/gating/layer_1_lora_value": 0.7858519554138184,
    "eval/gating/layer_1_prefix": 0.7674217820167542,
    "eval/gating/layer_2_adapter-distress": 0.8988739848136902,
    "eval/gating/layer_2_lora_query": 0.8991520404815674,
    "eval/gating/layer_2_lora_value": 0.7852129936218262,
    "eval/gating/layer_2_prefix": 0.8665342330932617,
    "eval/gating/layer_3_adapter-distress": 0.8746519088745117,
    "eval/gating/layer_3_lora_query": 0.962645947933197,
    "eval/gating/layer_3_lora_value": 0.8237040638923645,
    "eval/gating/layer_3_prefix": 0.8287873268127441,
    "eval/gating/layer_4_adapter-distress": 0.8644928932189941,
    "eval/gating/layer_4_lora_query": 0.9418097734451294,
    "eval/gating/layer_4_lora_value": 0.8148540258407593,
    "eval/gating/layer_4_prefix": 0.7430524230003357,
    "eval/gating/layer_5_adapter-distress": 0.8430405855178833,
    "eval/gating/layer_5_lora_query": 0.9441156983375549,
    "eval/gating/layer_5_lora_value": 0.7367050051689148,
    "eval/gating/layer_5_prefix": 0.7395760416984558,
    "eval/gating/layer_6_adapter-distress": 0.7301110029220581,
    "eval/gating/layer_6_lora_query": 0.9239480495452881,
    "eval/gating/layer_6_lora_value": 0.7755264043807983,
    "eval/gating/layer_6_prefix": 0.742546796798706,
    "eval/gating/layer_7_adapter-distress": 0.814897894859314,
    "eval/gating/layer_7_lora_query": 0.962490439414978,
    "eval/gating/layer_7_lora_value": 0.8736682534217834,
    "eval/gating/layer_7_prefix": 0.7846072316169739,
    "eval/gating/layer_8_adapter-distress": 0.6608704924583435,
    "eval/gating/layer_8_lora_query": 0.9161580801010132,
    "eval/gating/layer_8_lora_value": 0.7830892205238342,
    "eval/gating/layer_8_prefix": 0.7628747820854187,
    "eval/gating/layer_9_adapter-distress": 0.7500901222229004,
    "eval/gating/layer_9_lora_query": 0.9557923078536987,
    "eval/gating/layer_9_lora_value": 0.5815507769584656,
    "eval/gating/layer_9_prefix": 0.755891740322113,
    "eval/loss": 0.08989988267421722,
    "eval/mse": 0.15730838477611542,
    "eval/pearsonr": 0.45232611058059236,
    "eval/runtime": 1.549,
    "eval/samples_per_second": 174.306,
    "eval_mem_cpu_alloc_delta": 94208,
    "eval_mem_cpu_peaked_delta": 0,
    "eval_mem_gpu_alloc_delta": 0,
    "eval_mem_gpu_peaked_delta": 207627776,
    "eval_samples": 270,
    "is_best": false
}