{
    "early_stop": false,
    "epoch": 15.0,
    "eval/gating/layer_10_prefix": 0.4980289041996002,
    "eval/gating/layer_11_prefix": 0.5428829193115234,
    "eval/gating/layer_12_prefix": 0.4039137661457062,
    "eval/gating/layer_1_prefix": 0.7109326124191284,
    "eval/gating/layer_2_prefix": 0.809677243232727,
    "eval/gating/layer_3_prefix": 0.6813687086105347,
    "eval/gating/layer_4_prefix": 0.8172253966331482,
    "eval/gating/layer_5_prefix": 0.6481748223304749,
    "eval/gating/layer_6_prefix": 0.7181733846664429,
    "eval/gating/layer_7_prefix": 0.7541379332542419,
    "eval/gating/layer_8_prefix": 0.8379955291748047,
    "eval/gating/layer_9_prefix": 0.7321978211402893,
    "eval/loss": 0.08374659717082977,
    "eval/mse": 0.1216735690832138,
    "eval/pearsonr": 0.3810511924635734,
    "eval/runtime": 1.8907,
    "eval/samples_per_second": 142.806,
    "eval_mem_cpu_alloc_delta": 0,
    "eval_mem_cpu_peaked_delta": 0,
    "eval_mem_gpu_alloc_delta": 0,
    "eval_mem_gpu_peaked_delta": 207628288,
    "eval_samples": 270,
    "is_best": false
}