{
    "early_stop": false,
    "epoch": 15.0,
    "eval/gating/layer_10_prefix": 0.564918041229248,
    "eval/gating/layer_11_prefix": 0.4894968867301941,
    "eval/gating/layer_12_prefix": 0.39567723870277405,
    "eval/gating/layer_1_prefix": 0.8299083709716797,
    "eval/gating/layer_2_prefix": 0.8193241953849792,
    "eval/gating/layer_3_prefix": 0.90091472864151,
    "eval/gating/layer_4_prefix": 0.7608787417411804,
    "eval/gating/layer_5_prefix": 0.716194748878479,
    "eval/gating/layer_6_prefix": 0.7351189255714417,
    "eval/gating/layer_7_prefix": 0.6689469218254089,
    "eval/gating/layer_8_prefix": 0.5189868211746216,
    "eval/gating/layer_9_prefix": 0.5605669617652893,
    "eval/loss": 0.09111671149730682,
    "eval/mse": 0.1559038907289505,
    "eval/pearsonr": 0.44209408681640183,
    "eval/runtime": 1.2823,
    "eval/samples_per_second": 210.565,
    "eval_mem_cpu_alloc_delta": 0,
    "eval_mem_cpu_peaked_delta": 0,
    "eval_mem_gpu_alloc_delta": 0,
    "eval_mem_gpu_peaked_delta": 207628288,
    "eval_samples": 270,
    "is_best": false
}