{
    "early_stop": false,
    "epoch": 3.0,
    "eval/gating/layer_10_prefix": 0.8461105823516846,
    "eval/gating/layer_11_prefix": 0.6953510642051697,
    "eval/gating/layer_12_prefix": 0.5891655683517456,
    "eval/gating/layer_1_prefix": 0.5227298140525818,
    "eval/gating/layer_2_prefix": 0.5884824991226196,
    "eval/gating/layer_3_prefix": 0.525739848613739,
    "eval/gating/layer_4_prefix": 0.7223041653633118,
    "eval/gating/layer_5_prefix": 0.6353036761283875,
    "eval/gating/layer_6_prefix": 0.6805189251899719,
    "eval/gating/layer_7_prefix": 0.5424147248268127,
    "eval/gating/layer_8_prefix": 0.4416634440422058,
    "eval/gating/layer_9_prefix": 0.6879358887672424,
    "eval/loss": 0.1032634824514389,
    "eval/mse": 0.1113906279206276,
    "eval/pearsonr": 0.1435470623198743,
    "eval/runtime": 2.0407,
    "eval/samples_per_second": 132.306,
    "eval_mem_cpu_alloc_delta": 0,
    "eval_mem_cpu_peaked_delta": 0,
    "eval_mem_gpu_alloc_delta": 0,
    "eval_mem_gpu_peaked_delta": 207628288,
    "eval_samples": 270,
    "is_best": false
}