{
    "early_stop": false,
    "epoch": 15.0,
    "eval/gating/layer_10_prefix": 0.888630747795105,
    "eval/gating/layer_11_prefix": 0.5531649589538574,
    "eval/gating/layer_12_prefix": 0.4693366587162018,
    "eval/gating/layer_1_prefix": 0.7819768190383911,
    "eval/gating/layer_2_prefix": 0.9235270619392395,
    "eval/gating/layer_3_prefix": 0.8568435311317444,
    "eval/gating/layer_4_prefix": 0.8042735457420349,
    "eval/gating/layer_5_prefix": 0.526423990726471,
    "eval/gating/layer_6_prefix": 0.665573000907898,
    "eval/gating/layer_7_prefix": 0.49751392006874084,
    "eval/gating/layer_8_prefix": 0.4603259861469269,
    "eval/gating/layer_9_prefix": 0.7850645780563354,
    "eval/loss": 0.09297872334718704,
    "eval/mse": 0.1473100781440735,
    "eval/pearsonr": 0.405589788122163,
    "eval/runtime": 3.6017,
    "eval/samples_per_second": 74.966,
    "eval_mem_cpu_alloc_delta": 4096,
    "eval_mem_cpu_peaked_delta": 0,
    "eval_mem_gpu_alloc_delta": 0,
    "eval_mem_gpu_peaked_delta": 207628288,
    "eval_samples": 270,
    "is_best": false
}