{
    "early_stop": false,
    "epoch": 15.0,
    "eval/gating/layer_10_adapter-distress": 0.6740864515304565,
    "eval/gating/layer_10_lora_query": 0.8975489735603333,
    "eval/gating/layer_10_lora_value": 0.7660523056983948,
    "eval/gating/layer_10_prefix": 0.8109292984008789,
    "eval/gating/layer_11_adapter-distress": 0.8159910440444946,
    "eval/gating/layer_11_lora_query": 0.8697327375411987,
    "eval/gating/layer_11_lora_value": 0.6365230679512024,
    "eval/gating/layer_11_prefix": 0.5638887882232666,
    "eval/gating/layer_12_adapter-distress": 0.7173143029212952,
    "eval/gating/layer_12_lora_query": 0.8253862857818604,
    "eval/gating/layer_12_lora_value": 0.7266660928726196,
    "eval/gating/layer_12_prefix": 0.6731680631637573,
    "eval/gating/layer_1_adapter-distress": 0.7666411995887756,
    "eval/gating/layer_1_lora_query": 0.7627132534980774,
    "eval/gating/layer_1_lora_value": 0.7411458492279053,
    "eval/gating/layer_1_prefix": 0.7514213919639587,
    "eval/gating/layer_2_adapter-distress": 0.8184139132499695,
    "eval/gating/layer_2_lora_query": 0.8545933961868286,
    "eval/gating/layer_2_lora_value": 0.788982629776001,
    "eval/gating/layer_2_prefix": 0.8014365434646606,
    "eval/gating/layer_3_adapter-distress": 0.8075012564659119,
    "eval/gating/layer_3_lora_query": 0.8938252329826355,
    "eval/gating/layer_3_lora_value": 0.631305456161499,
    "eval/gating/layer_3_prefix": 0.696520984172821,
    "eval/gating/layer_4_adapter-distress": 0.793334424495697,
    "eval/gating/layer_4_lora_query": 0.9188759326934814,
    "eval/gating/layer_4_lora_value": 0.7645909786224365,
    "eval/gating/layer_4_prefix": 0.7501645684242249,
    "eval/gating/layer_5_adapter-distress": 0.7883782982826233,
    "eval/gating/layer_5_lora_query": 0.8737809658050537,
    "eval/gating/layer_5_lora_value": 0.6769519448280334,
    "eval/gating/layer_5_prefix": 0.5805126428604126,
    "eval/gating/layer_6_adapter-distress": 0.6966575980186462,
    "eval/gating/layer_6_lora_query": 0.8811943531036377,
    "eval/gating/layer_6_lora_value": 0.7312717437744141,
    "eval/gating/layer_6_prefix": 0.7525692582130432,
    "eval/gating/layer_7_adapter-distress": 0.7440633177757263,
    "eval/gating/layer_7_lora_query": 0.8939276933670044,
    "eval/gating/layer_7_lora_value": 0.7783941626548767,
    "eval/gating/layer_7_prefix": 0.7456962466239929,
    "eval/gating/layer_8_adapter-distress": 0.7101708650588989,
    "eval/gating/layer_8_lora_query": 0.8699268698692322,
    "eval/gating/layer_8_lora_value": 0.7181016206741333,
    "eval/gating/layer_8_prefix": 0.7855700254440308,
    "eval/gating/layer_9_adapter-distress": 0.7800950407981873,
    "eval/gating/layer_9_lora_query": 0.9174832701683044,
    "eval/gating/layer_9_lora_value": 0.6687991619110107,
    "eval/gating/layer_9_prefix": 0.6559355854988098,
    "eval/loss": 0.0916542336344719,
    "eval/mse": 0.1484471708536148,
    "eval/pearsonr": 0.418809060588726,
    "eval/runtime": 3.8112,
    "eval/samples_per_second": 70.844,
    "eval_mem_cpu_alloc_delta": 20480,
    "eval_mem_cpu_peaked_delta": 0,
    "eval_mem_gpu_alloc_delta": 0,
    "eval_mem_gpu_peaked_delta": 207628288,
    "eval_samples": 270,
    "is_best": false
}