{
    "early_stop": false,
    "epoch": 15.0,
    "eval/gating/layer_10_adapter-empathy": 0.8741748332977295,
    "eval/gating/layer_11_adapter-empathy": 0.8612920045852661,
    "eval/gating/layer_12_adapter-empathy": 0.7139233946800232,
    "eval/gating/layer_1_adapter-empathy": 0.8317884206771851,
    "eval/gating/layer_2_adapter-empathy": 0.852279007434845,
    "eval/gating/layer_3_adapter-empathy": 0.9045345187187195,
    "eval/gating/layer_4_adapter-empathy": 0.8902021050453186,
    "eval/gating/layer_5_adapter-empathy": 0.8398956656455994,
    "eval/gating/layer_6_adapter-empathy": 0.8453560471534729,
    "eval/gating/layer_7_adapter-empathy": 0.8385955691337585,
    "eval/gating/layer_8_adapter-empathy": 0.8694385290145874,
    "eval/gating/layer_9_adapter-empathy": 0.8553471565246582,
    "eval/loss": 0.08581066876649857,
    "eval/mse": 0.13106785714626312,
    "eval/pearsonr": 0.3904209257585749,
    "eval/runtime": 2.5534,
    "eval/samples_per_second": 105.74,
    "eval_mem_cpu_alloc_delta": 40960,
    "eval_mem_cpu_peaked_delta": 0,
    "eval_mem_gpu_alloc_delta": 0,
    "eval_mem_gpu_peaked_delta": 188864512,
    "eval_samples": 270,
    "is_best": false
}