{
    "early_stop": false,
    "epoch": 15.0,
    "eval/gating/layer_10_lora_query": 0.9817657470703125,
    "eval/gating/layer_10_lora_value": 0.8714730143547058,
    "eval/gating/layer_11_lora_query": 0.9780963659286499,
    "eval/gating/layer_11_lora_value": 0.8807336688041687,
    "eval/gating/layer_12_lora_query": 0.9693484902381897,
    "eval/gating/layer_12_lora_value": 0.8600626587867737,
    "eval/gating/layer_1_lora_query": 0.977124035358429,
    "eval/gating/layer_1_lora_value": 0.9596087336540222,
    "eval/gating/layer_2_lora_query": 0.9961242079734802,
    "eval/gating/layer_2_lora_value": 0.9227514863014221,
    "eval/gating/layer_3_lora_query": 0.9979201555252075,
    "eval/gating/layer_3_lora_value": 0.9404855370521545,
    "eval/gating/layer_4_lora_query": 0.9946563839912415,
    "eval/gating/layer_4_lora_value": 0.9429128170013428,
    "eval/gating/layer_5_lora_query": 0.9933632016181946,
    "eval/gating/layer_5_lora_value": 0.8731261491775513,
    "eval/gating/layer_6_lora_query": 0.9882780313491821,
    "eval/gating/layer_6_lora_value": 0.9145231246948242,
    "eval/gating/layer_7_lora_query": 0.977517306804657,
    "eval/gating/layer_7_lora_value": 0.9276662468910217,
    "eval/gating/layer_8_lora_query": 0.9923460483551025,
    "eval/gating/layer_8_lora_value": 0.9128122329711914,
    "eval/gating/layer_9_lora_query": 0.9939039349555969,
    "eval/gating/layer_9_lora_value": 0.8721457123756409,
    "eval/loss": 0.10328466445207596,
    "eval/mse": 0.17920024693012238,
    "eval/pearsonr": 0.43229844874920603,
    "eval/runtime": 1.3527,
    "eval/samples_per_second": 199.604,
    "eval_mem_cpu_alloc_delta": 20480,
    "eval_mem_cpu_peaked_delta": 0,
    "eval_mem_gpu_alloc_delta": 0,
    "eval_mem_gpu_peaked_delta": 188864000,
    "eval_samples": 270,
    "is_best": false
}