{
    "early_stop": false,
    "epoch": 15.0,
    "eval/gating/layer_10_adapter-distress": 0.7980384230613708,
    "eval/gating/layer_10_lora_query": 0.9499817490577698,
    "eval/gating/layer_10_lora_value": 0.7894214987754822,
    "eval/gating/layer_10_prefix": 0.579646646976471,
    "eval/gating/layer_11_adapter-distress": 0.8053485155105591,
    "eval/gating/layer_11_lora_query": 0.9113655090332031,
    "eval/gating/layer_11_lora_value": 0.8736671209335327,
    "eval/gating/layer_11_prefix": 0.47410446405410767,
    "eval/gating/layer_12_adapter-distress": 0.806369423866272,
    "eval/gating/layer_12_lora_query": 0.7268322110176086,
    "eval/gating/layer_12_lora_value": 0.828666090965271,
    "eval/gating/layer_12_prefix": 0.6901317834854126,
    "eval/gating/layer_1_adapter-distress": 0.9140414595603943,
    "eval/gating/layer_1_lora_query": 0.8419233560562134,
    "eval/gating/layer_1_lora_value": 0.8033584952354431,
    "eval/gating/layer_1_prefix": 0.7858545780181885,
    "eval/gating/layer_2_adapter-distress": 0.9435330033302307,
    "eval/gating/layer_2_lora_query": 0.910502552986145,
    "eval/gating/layer_2_lora_value": 0.8187795877456665,
    "eval/gating/layer_2_prefix": 0.8707151412963867,
    "eval/gating/layer_3_adapter-distress": 0.9042627811431885,
    "eval/gating/layer_3_lora_query": 0.9650968313217163,
    "eval/gating/layer_3_lora_value": 0.8071733117103577,
    "eval/gating/layer_3_prefix": 0.8346700668334961,
    "eval/gating/layer_4_adapter-distress": 0.8749575018882751,
    "eval/gating/layer_4_lora_query": 0.9297763109207153,
    "eval/gating/layer_4_lora_value": 0.7800264358520508,
    "eval/gating/layer_4_prefix": 0.7521805167198181,
    "eval/gating/layer_5_adapter-distress": 0.8679589033126831,
    "eval/gating/layer_5_lora_query": 0.9148287177085876,
    "eval/gating/layer_5_lora_value": 0.8435344696044922,
    "eval/gating/layer_5_prefix": 0.7510859966278076,
    "eval/gating/layer_6_adapter-distress": 0.9307925701141357,
    "eval/gating/layer_6_lora_query": 0.9462308287620544,
    "eval/gating/layer_6_lora_value": 0.6805868744850159,
    "eval/gating/layer_6_prefix": 0.6700614094734192,
    "eval/gating/layer_7_adapter-distress": 0.8919438123703003,
    "eval/gating/layer_7_lora_query": 0.9385842680931091,
    "eval/gating/layer_7_lora_value": 0.7681505084037781,
    "eval/gating/layer_7_prefix": 0.7882848978042603,
    "eval/gating/layer_8_adapter-distress": 0.7202694416046143,
    "eval/gating/layer_8_lora_query": 0.9572262167930603,
    "eval/gating/layer_8_lora_value": 0.8106115460395813,
    "eval/gating/layer_8_prefix": 0.7772984504699707,
    "eval/gating/layer_9_adapter-distress": 0.8307126760482788,
    "eval/gating/layer_9_lora_query": 0.9467841386795044,
    "eval/gating/layer_9_lora_value": 0.7449638247489929,
    "eval/gating/layer_9_prefix": 0.7723016738891602,
    "eval/loss": 0.08871996402740479,
    "eval/mse": 0.1589433252811432,
    "eval/pearsonr": 0.463138341371091,
    "eval/runtime": 2.1122,
    "eval/samples_per_second": 127.826,
    "eval_mem_cpu_alloc_delta": 0,
    "eval_mem_cpu_peaked_delta": 0,
    "eval_mem_gpu_alloc_delta": 0,
    "eval_mem_gpu_peaked_delta": 207628288,
    "eval_samples": 270,
    "is_best": false
}