{
    "early_stop": false,
    "epoch": 15.0,
    "eval/gating/layer_10_adapter-empathy": 0.7565123438835144,
    "eval/gating/layer_10_lora_query": 0.9875206351280212,
    "eval/gating/layer_10_lora_value": 0.5631328821182251,
    "eval/gating/layer_10_prefix": 0.46914905309677124,
    "eval/gating/layer_11_adapter-empathy": 0.5752596855163574,
    "eval/gating/layer_11_lora_query": 0.6773844361305237,
    "eval/gating/layer_11_lora_value": 0.8164858818054199,
    "eval/gating/layer_11_prefix": 0.3183884918689728,
    "eval/gating/layer_12_adapter-empathy": 0.6966054439544678,
    "eval/gating/layer_12_lora_query": 0.7552965879440308,
    "eval/gating/layer_12_lora_value": 0.8608412146568298,
    "eval/gating/layer_12_prefix": 0.49984025955200195,
    "eval/gating/layer_1_adapter-empathy": 0.8798061013221741,
    "eval/gating/layer_1_lora_query": 0.9325487613677979,
    "eval/gating/layer_1_lora_value": 0.8418694734573364,
    "eval/gating/layer_1_prefix": 0.6900073289871216,
    "eval/gating/layer_2_adapter-empathy": 0.9625800251960754,
    "eval/gating/layer_2_lora_query": 0.9509042501449585,
    "eval/gating/layer_2_lora_value": 0.8034521341323853,
    "eval/gating/layer_2_prefix": 0.7608832716941833,
    "eval/gating/layer_3_adapter-empathy": 0.9691182971000671,
    "eval/gating/layer_3_lora_query": 0.9882892966270447,
    "eval/gating/layer_3_lora_value": 0.911181628704071,
    "eval/gating/layer_3_prefix": 0.5405502319335938,
    "eval/gating/layer_4_adapter-empathy": 0.9293414950370789,
    "eval/gating/layer_4_lora_query": 0.9930698871612549,
    "eval/gating/layer_4_lora_value": 0.9428785443305969,
    "eval/gating/layer_4_prefix": 0.21907426416873932,
    "eval/gating/layer_5_adapter-empathy": 0.9059235453605652,
    "eval/gating/layer_5_lora_query": 0.9863231182098389,
    "eval/gating/layer_5_lora_value": 0.9453834295272827,
    "eval/gating/layer_5_prefix": 0.14941851794719696,
    "eval/gating/layer_6_adapter-empathy": 0.8946201205253601,
    "eval/gating/layer_6_lora_query": 0.994110107421875,
    "eval/gating/layer_6_lora_value": 0.9436205625534058,
    "eval/gating/layer_6_prefix": 0.14002496004104614,
    "eval/gating/layer_7_adapter-empathy": 0.861506998538971,
    "eval/gating/layer_7_lora_query": 0.9941866993904114,
    "eval/gating/layer_7_lora_value": 0.9741634130477905,
    "eval/gating/layer_7_prefix": 0.3162350654602051,
    "eval/gating/layer_8_adapter-empathy": 0.7723215818405151,
    "eval/gating/layer_8_lora_query": 0.9915259480476379,
    "eval/gating/layer_8_lora_value": 0.9376609325408936,
    "eval/gating/layer_8_prefix": 0.46148550510406494,
    "eval/gating/layer_9_adapter-empathy": 0.6605281233787537,
    "eval/gating/layer_9_lora_query": 0.9882736206054688,
    "eval/gating/layer_9_lora_value": 0.795523464679718,
    "eval/gating/layer_9_prefix": 0.3320644795894623,
    "eval/loss": 0.09519750624895096,
    "eval/mse": 0.14760176837444305,
    "eval/pearsonr": 0.3772928512064947,
    "eval/runtime": 1.6679,
    "eval/samples_per_second": 161.878,
    "eval_mem_cpu_alloc_delta": 49152,
    "eval_mem_cpu_peaked_delta": 0,
    "eval_mem_gpu_alloc_delta": 0,
    "eval_mem_gpu_peaked_delta": 207627776,
    "eval_samples": 270,
    "is_best": false
}