{
    "early_stop": false,
    "epoch": 15.0,
    "eval/gating/layer_10_prefix": 0.5422505736351013,
    "eval/gating/layer_11_prefix": 0.4757305979728699,
    "eval/gating/layer_12_prefix": 0.3825036883354187,
    "eval/gating/layer_1_prefix": 0.8193034529685974,
    "eval/gating/layer_2_prefix": 0.8264747858047485,
    "eval/gating/layer_3_prefix": 0.8963803052902222,
    "eval/gating/layer_4_prefix": 0.7736202478408813,
    "eval/gating/layer_5_prefix": 0.7144671082496643,
    "eval/gating/layer_6_prefix": 0.7285701036453247,
    "eval/gating/layer_7_prefix": 0.6635398864746094,
    "eval/gating/layer_8_prefix": 0.5178653001785278,
    "eval/gating/layer_9_prefix": 0.5922584533691406,
    "eval/loss": 0.09076160937547684,
    "eval/mse": 0.15564601123332977,
    "eval/pearsonr": 0.44137914769423514,
    "eval/runtime": 1.7625,
    "eval/samples_per_second": 153.188,
    "eval_mem_cpu_alloc_delta": 16384,
    "eval_mem_cpu_peaked_delta": 0,
    "eval_mem_gpu_alloc_delta": 0,
    "eval_mem_gpu_peaked_delta": 207628288,
    "eval_samples": 270,
    "is_best": false
}