{
    "early_stop": false,
    "epoch": 3.0,
    "eval/gating/layer_10_adapter-distress": 0.5684497952461243,
    "eval/gating/layer_10_lora_query": 0.7241265177726746,
    "eval/gating/layer_10_lora_value": 0.699468195438385,
    "eval/gating/layer_10_prefix": 0.6746605634689331,
    "eval/gating/layer_11_adapter-distress": 0.5752481818199158,
    "eval/gating/layer_11_lora_query": 0.7017475366592407,
    "eval/gating/layer_11_lora_value": 0.6999490261077881,
    "eval/gating/layer_11_prefix": 0.5509440898895264,
    "eval/gating/layer_12_adapter-distress": 0.5698738098144531,
    "eval/gating/layer_12_lora_query": 0.6293129324913025,
    "eval/gating/layer_12_lora_value": 0.7103856801986694,
    "eval/gating/layer_12_prefix": 0.45573583245277405,
    "eval/gating/layer_1_adapter-distress": 0.6235275268554688,
    "eval/gating/layer_1_lora_query": 0.6407630443572998,
    "eval/gating/layer_1_lora_value": 0.6215214133262634,
    "eval/gating/layer_1_prefix": 0.6064693331718445,
    "eval/gating/layer_2_adapter-distress": 0.6241466999053955,
    "eval/gating/layer_2_lora_query": 0.6366249322891235,
    "eval/gating/layer_2_lora_value": 0.6786448359489441,
    "eval/gating/layer_2_prefix": 0.6051866412162781,
    "eval/gating/layer_3_adapter-distress": 0.6410890817642212,
    "eval/gating/layer_3_lora_query": 0.7134976387023926,
    "eval/gating/layer_3_lora_value": 0.6355192065238953,
    "eval/gating/layer_3_prefix": 0.6532571911811829,
    "eval/gating/layer_4_adapter-distress": 0.6553604006767273,
    "eval/gating/layer_4_lora_query": 0.6660081148147583,
    "eval/gating/layer_4_lora_value": 0.5680266618728638,
    "eval/gating/layer_4_prefix": 0.6676934361457825,
    "eval/gating/layer_5_adapter-distress": 0.552376389503479,
    "eval/gating/layer_5_lora_query": 0.7011533975601196,
    "eval/gating/layer_5_lora_value": 0.5539333820343018,
    "eval/gating/layer_5_prefix": 0.5112491250038147,
    "eval/gating/layer_6_adapter-distress": 0.6308995485305786,
    "eval/gating/layer_6_lora_query": 0.6080574989318848,
    "eval/gating/layer_6_lora_value": 0.5908517837524414,
    "eval/gating/layer_6_prefix": 0.5139756202697754,
    "eval/gating/layer_7_adapter-distress": 0.6916516423225403,
    "eval/gating/layer_7_lora_query": 0.7022364139556885,
    "eval/gating/layer_7_lora_value": 0.4775771200656891,
    "eval/gating/layer_7_prefix": 0.45071113109588623,
    "eval/gating/layer_8_adapter-distress": 0.592983603477478,
    "eval/gating/layer_8_lora_query": 0.6175055503845215,
    "eval/gating/layer_8_lora_value": 0.6281149983406067,
    "eval/gating/layer_8_prefix": 0.5201916694641113,
    "eval/gating/layer_9_adapter-distress": 0.7124496698379517,
    "eval/gating/layer_9_lora_query": 0.7458065152168274,
    "eval/gating/layer_9_lora_value": 0.6095288395881653,
    "eval/gating/layer_9_prefix": 0.6373785138130188,
    "eval/loss": 0.0960395410656929,
    "eval/mse": 0.11737465113401413,
    "eval/pearsonr": 0.27956852637976853,
    "eval/runtime": 2.6575,
    "eval/samples_per_second": 101.597,
    "eval_mem_cpu_alloc_delta": 0,
    "eval_mem_cpu_peaked_delta": 0,
    "eval_mem_gpu_alloc_delta": 0,
    "eval_mem_gpu_peaked_delta": 207628288,
    "eval_samples": 270,
    "is_best": false
}