{
    "early_stop": false,
    "epoch": 15.0,
    "eval/gating/layer_10_adapter-distress": 0.6998293399810791,
    "eval/gating/layer_10_lora_query": 0.9464958906173706,
    "eval/gating/layer_10_lora_value": 0.8291302919387817,
    "eval/gating/layer_10_prefix": 0.7954351902008057,
    "eval/gating/layer_11_adapter-distress": 0.7340329885482788,
    "eval/gating/layer_11_lora_query": 0.943396270275116,
    "eval/gating/layer_11_lora_value": 0.8335548043251038,
    "eval/gating/layer_11_prefix": 0.6056255102157593,
    "eval/gating/layer_12_adapter-distress": 0.7263129949569702,
    "eval/gating/layer_12_lora_query": 0.9304579496383667,
    "eval/gating/layer_12_lora_value": 0.8471778631210327,
    "eval/gating/layer_12_prefix": 0.6860221028327942,
    "eval/gating/layer_1_adapter-distress": 0.9250791668891907,
    "eval/gating/layer_1_lora_query": 0.8555206656455994,
    "eval/gating/layer_1_lora_value": 0.8286755681037903,
    "eval/gating/layer_1_prefix": 0.7830690145492554,
    "eval/gating/layer_2_adapter-distress": 0.9045366048812866,
    "eval/gating/layer_2_lora_query": 0.9306899309158325,
    "eval/gating/layer_2_lora_value": 0.8552767634391785,
    "eval/gating/layer_2_prefix": 0.827182948589325,
    "eval/gating/layer_3_adapter-distress": 0.9456177353858948,
    "eval/gating/layer_3_lora_query": 0.953693687915802,
    "eval/gating/layer_3_lora_value": 0.8373641967773438,
    "eval/gating/layer_3_prefix": 0.9033960103988647,
    "eval/gating/layer_4_adapter-distress": 0.8887901902198792,
    "eval/gating/layer_4_lora_query": 0.9638159871101379,
    "eval/gating/layer_4_lora_value": 0.7477415204048157,
    "eval/gating/layer_4_prefix": 0.8038454055786133,
    "eval/gating/layer_5_adapter-distress": 0.7883811593055725,
    "eval/gating/layer_5_lora_query": 0.9388832449913025,
    "eval/gating/layer_5_lora_value": 0.7263603210449219,
    "eval/gating/layer_5_prefix": 0.6602826714515686,
    "eval/gating/layer_6_adapter-distress": 0.8516495227813721,
    "eval/gating/layer_6_lora_query": 0.961711049079895,
    "eval/gating/layer_6_lora_value": 0.8177698254585266,
    "eval/gating/layer_6_prefix": 0.6708276867866516,
    "eval/gating/layer_7_adapter-distress": 0.8787128925323486,
    "eval/gating/layer_7_lora_query": 0.9580334424972534,
    "eval/gating/layer_7_lora_value": 0.6241684556007385,
    "eval/gating/layer_7_prefix": 0.5325287580490112,
    "eval/gating/layer_8_adapter-distress": 0.8197942972183228,
    "eval/gating/layer_8_lora_query": 0.9374446272850037,
    "eval/gating/layer_8_lora_value": 0.7237315773963928,
    "eval/gating/layer_8_prefix": 0.8353487253189087,
    "eval/gating/layer_9_adapter-distress": 0.8427377939224243,
    "eval/gating/layer_9_lora_query": 0.9562823176383972,
    "eval/gating/layer_9_lora_value": 0.762708842754364,
    "eval/gating/layer_9_prefix": 0.7779878377914429,
    "eval/loss": 0.09253109246492386,
    "eval/mse": 0.15980398654937744,
    "eval/pearsonr": 0.44020422242678,
    "eval/runtime": 2.3657,
    "eval/samples_per_second": 114.13,
    "eval_mem_cpu_alloc_delta": 45056,
    "eval_mem_cpu_peaked_delta": 0,
    "eval_mem_gpu_alloc_delta": 0,
    "eval_mem_gpu_peaked_delta": 207628288,
    "eval_samples": 270,
    "is_best": false
}