{
    "early_stop": false,
    "epoch": 15.0,
    "eval/gating/layer_10_adapter-distress": 0.7878186106681824,
    "eval/gating/layer_10_lora_query": 0.9481563568115234,
    "eval/gating/layer_10_lora_value": 0.8119657635688782,
    "eval/gating/layer_10_prefix": 0.8021906614303589,
    "eval/gating/layer_11_adapter-distress": 0.8163613080978394,
    "eval/gating/layer_11_lora_query": 0.9341338872909546,
    "eval/gating/layer_11_lora_value": 0.7559298276901245,
    "eval/gating/layer_11_prefix": 0.5507880449295044,
    "eval/gating/layer_12_adapter-distress": 0.6963523030281067,
    "eval/gating/layer_12_lora_query": 0.9372371435165405,
    "eval/gating/layer_12_lora_value": 0.7379822134971619,
    "eval/gating/layer_12_prefix": 0.6907952427864075,
    "eval/gating/layer_1_adapter-distress": 0.850659191608429,
    "eval/gating/layer_1_lora_query": 0.8240854740142822,
    "eval/gating/layer_1_lora_value": 0.7855607867240906,
    "eval/gating/layer_1_prefix": 0.7646620869636536,
    "eval/gating/layer_2_adapter-distress": 0.9114641547203064,
    "eval/gating/layer_2_lora_query": 0.8844513297080994,
    "eval/gating/layer_2_lora_value": 0.8464232683181763,
    "eval/gating/layer_2_prefix": 0.8525598049163818,
    "eval/gating/layer_3_adapter-distress": 0.8930314779281616,
    "eval/gating/layer_3_lora_query": 0.9151467084884644,
    "eval/gating/layer_3_lora_value": 0.7503203749656677,
    "eval/gating/layer_3_prefix": 0.8052445650100708,
    "eval/gating/layer_4_adapter-distress": 0.882212221622467,
    "eval/gating/layer_4_lora_query": 0.9627952575683594,
    "eval/gating/layer_4_lora_value": 0.8200362324714661,
    "eval/gating/layer_4_prefix": 0.7954118847846985,
    "eval/gating/layer_5_adapter-distress": 0.844015896320343,
    "eval/gating/layer_5_lora_query": 0.9224872589111328,
    "eval/gating/layer_5_lora_value": 0.7510768175125122,
    "eval/gating/layer_5_prefix": 0.6101250052452087,
    "eval/gating/layer_6_adapter-distress": 0.8307616710662842,
    "eval/gating/layer_6_lora_query": 0.9279356002807617,
    "eval/gating/layer_6_lora_value": 0.790413498878479,
    "eval/gating/layer_6_prefix": 0.8554847836494446,
    "eval/gating/layer_7_adapter-distress": 0.7547850608825684,
    "eval/gating/layer_7_lora_query": 0.9597815871238708,
    "eval/gating/layer_7_lora_value": 0.8398022651672363,
    "eval/gating/layer_7_prefix": 0.7295191287994385,
    "eval/gating/layer_8_adapter-distress": 0.7296417951583862,
    "eval/gating/layer_8_lora_query": 0.9028681516647339,
    "eval/gating/layer_8_lora_value": 0.7342847585678101,
    "eval/gating/layer_8_prefix": 0.8354021310806274,
    "eval/gating/layer_9_adapter-distress": 0.8005744814872742,
    "eval/gating/layer_9_lora_query": 0.9376911520957947,
    "eval/gating/layer_9_lora_value": 0.7060724496841431,
    "eval/gating/layer_9_prefix": 0.7405307292938232,
    "eval/loss": 0.09258497506380081,
    "eval/mse": 0.15721718966960907,
    "eval/pearsonr": 0.43307989346285447,
    "eval/runtime": 3.4021,
    "eval/samples_per_second": 79.363,
    "eval_mem_cpu_alloc_delta": 0,
    "eval_mem_cpu_peaked_delta": 0,
    "eval_mem_gpu_alloc_delta": 0,
    "eval_mem_gpu_peaked_delta": 207628288,
    "eval_samples": 270,
    "is_best": false
}