{
    "early_stop": false,
    "epoch": 15.0,
    "eval/gating/layer_10_adapter-empathy": 0.6828910708427429,
    "eval/gating/layer_10_lora_query": 0.943507969379425,
    "eval/gating/layer_10_lora_value": 0.785686194896698,
    "eval/gating/layer_10_prefix": 0.8091297745704651,
    "eval/gating/layer_11_adapter-empathy": 0.7265132665634155,
    "eval/gating/layer_11_lora_query": 0.9158574342727661,
    "eval/gating/layer_11_lora_value": 0.8371543884277344,
    "eval/gating/layer_11_prefix": 0.5292218327522278,
    "eval/gating/layer_12_adapter-empathy": 0.7231497764587402,
    "eval/gating/layer_12_lora_query": 0.9156849384307861,
    "eval/gating/layer_12_lora_value": 0.7966431975364685,
    "eval/gating/layer_12_prefix": 0.7627080082893372,
    "eval/gating/layer_1_adapter-empathy": 0.9272796511650085,
    "eval/gating/layer_1_lora_query": 0.8478137850761414,
    "eval/gating/layer_1_lora_value": 0.7791352868080139,
    "eval/gating/layer_1_prefix": 0.7705681920051575,
    "eval/gating/layer_2_adapter-empathy": 0.9238653779029846,
    "eval/gating/layer_2_lora_query": 0.9156796336174011,
    "eval/gating/layer_2_lora_value": 0.776856005191803,
    "eval/gating/layer_2_prefix": 0.8300591111183167,
    "eval/gating/layer_3_adapter-empathy": 0.9457205533981323,
    "eval/gating/layer_3_lora_query": 0.9571601152420044,
    "eval/gating/layer_3_lora_value": 0.7758259773254395,
    "eval/gating/layer_3_prefix": 0.8739020824432373,
    "eval/gating/layer_4_adapter-empathy": 0.8755546808242798,
    "eval/gating/layer_4_lora_query": 0.928999125957489,
    "eval/gating/layer_4_lora_value": 0.6901225447654724,
    "eval/gating/layer_4_prefix": 0.7458356022834778,
    "eval/gating/layer_5_adapter-empathy": 0.8873327970504761,
    "eval/gating/layer_5_lora_query": 0.9485400319099426,
    "eval/gating/layer_5_lora_value": 0.7375003695487976,
    "eval/gating/layer_5_prefix": 0.6189281940460205,
    "eval/gating/layer_6_adapter-empathy": 0.850084662437439,
    "eval/gating/layer_6_lora_query": 0.9309194087982178,
    "eval/gating/layer_6_lora_value": 0.8109942674636841,
    "eval/gating/layer_6_prefix": 0.5338672995567322,
    "eval/gating/layer_7_adapter-empathy": 0.8335127830505371,
    "eval/gating/layer_7_lora_query": 0.9506110548973083,
    "eval/gating/layer_7_lora_value": 0.6936659812927246,
    "eval/gating/layer_7_prefix": 0.6242951154708862,
    "eval/gating/layer_8_adapter-empathy": 0.7859722971916199,
    "eval/gating/layer_8_lora_query": 0.9384229779243469,
    "eval/gating/layer_8_lora_value": 0.7107514142990112,
    "eval/gating/layer_8_prefix": 0.8215255737304688,
    "eval/gating/layer_9_adapter-empathy": 0.823594868183136,
    "eval/gating/layer_9_lora_query": 0.9205617904663086,
    "eval/gating/layer_9_lora_value": 0.8203331232070923,
    "eval/gating/layer_9_prefix": 0.7990434765815735,
    "eval/loss": 0.08491300046443939,
    "eval/mse": 0.13603265583515167,
    "eval/pearsonr": 0.4118347229036699,
    "eval/runtime": 2.2368,
    "eval/samples_per_second": 120.71,
    "eval_mem_cpu_alloc_delta": 16384,
    "eval_mem_cpu_peaked_delta": 0,
    "eval_mem_gpu_alloc_delta": 0,
    "eval_mem_gpu_peaked_delta": 207628288,
    "eval_samples": 270,
    "is_best": false
}