{
    "early_stop": false,
    "epoch": 3.0,
    "eval/gating/layer_10_adapter-empathy": 0.5597417950630188,
    "eval/gating/layer_10_lora_query": 0.7114436626434326,
    "eval/gating/layer_10_lora_value": 0.6967355608940125,
    "eval/gating/layer_10_prefix": 0.702835738658905,
    "eval/gating/layer_11_adapter-empathy": 0.5351110100746155,
    "eval/gating/layer_11_lora_query": 0.7085804343223572,
    "eval/gating/layer_11_lora_value": 0.704771101474762,
    "eval/gating/layer_11_prefix": 0.5496525168418884,
    "eval/gating/layer_12_adapter-empathy": 0.5690057873725891,
    "eval/gating/layer_12_lora_query": 0.6456912755966187,
    "eval/gating/layer_12_lora_value": 0.6713559031486511,
    "eval/gating/layer_12_prefix": 0.4227304458618164,
    "eval/gating/layer_1_adapter-empathy": 0.6286442875862122,
    "eval/gating/layer_1_lora_query": 0.6480541229248047,
    "eval/gating/layer_1_lora_value": 0.6593874096870422,
    "eval/gating/layer_1_prefix": 0.6247168779373169,
    "eval/gating/layer_2_adapter-empathy": 0.6823369264602661,
    "eval/gating/layer_2_lora_query": 0.646252453327179,
    "eval/gating/layer_2_lora_value": 0.6935065388679504,
    "eval/gating/layer_2_prefix": 0.6112202405929565,
    "eval/gating/layer_3_adapter-empathy": 0.7113956212997437,
    "eval/gating/layer_3_lora_query": 0.6943641304969788,
    "eval/gating/layer_3_lora_value": 0.7075046896934509,
    "eval/gating/layer_3_prefix": 0.6981505751609802,
    "eval/gating/layer_4_adapter-empathy": 0.6694232821464539,
    "eval/gating/layer_4_lora_query": 0.7183007001876831,
    "eval/gating/layer_4_lora_value": 0.6462880969047546,
    "eval/gating/layer_4_prefix": 0.7002483010292053,
    "eval/gating/layer_5_adapter-empathy": 0.5969032049179077,
    "eval/gating/layer_5_lora_query": 0.7516842484474182,
    "eval/gating/layer_5_lora_value": 0.6084924936294556,
    "eval/gating/layer_5_prefix": 0.5433099865913391,
    "eval/gating/layer_6_adapter-empathy": 0.6528106331825256,
    "eval/gating/layer_6_lora_query": 0.6365638375282288,
    "eval/gating/layer_6_lora_value": 0.6106811165809631,
    "eval/gating/layer_6_prefix": 0.5013154745101929,
    "eval/gating/layer_7_adapter-empathy": 0.699821949005127,
    "eval/gating/layer_7_lora_query": 0.7421679496765137,
    "eval/gating/layer_7_lora_value": 0.5251173377037048,
    "eval/gating/layer_7_prefix": 0.42853400111198425,
    "eval/gating/layer_8_adapter-empathy": 0.6139174699783325,
    "eval/gating/layer_8_lora_query": 0.6761119961738586,
    "eval/gating/layer_8_lora_value": 0.6507712006568909,
    "eval/gating/layer_8_prefix": 0.4932825565338135,
    "eval/gating/layer_9_adapter-empathy": 0.7044985294342041,
    "eval/gating/layer_9_lora_query": 0.7306897044181824,
    "eval/gating/layer_9_lora_value": 0.6483433246612549,
    "eval/gating/layer_9_prefix": 0.6774057745933533,
    "eval/loss": 0.08278772979974747,
    "eval/mse": 0.10788396000862122,
    "eval/pearsonr": 0.38661335762874,
    "eval/runtime": 2.557,
    "eval/samples_per_second": 105.595,
    "eval_mem_cpu_alloc_delta": 0,
    "eval_mem_cpu_peaked_delta": 0,
    "eval_mem_gpu_alloc_delta": 0,
    "eval_mem_gpu_peaked_delta": 207628288,
    "eval_samples": 270,
    "is_best": false
}