{
    "early_stop": false,
    "epoch": 15.0,
    "eval/gating/layer_10_adapter-empathy": 0.8385491371154785,
    "eval/gating/layer_10_lora_query": 0.9513866305351257,
    "eval/gating/layer_10_lora_value": 0.7463335990905762,
    "eval/gating/layer_10_prefix": 0.8099163770675659,
    "eval/gating/layer_11_adapter-empathy": 0.875105082988739,
    "eval/gating/layer_11_lora_query": 0.9175082445144653,
    "eval/gating/layer_11_lora_value": 0.8224876523017883,
    "eval/gating/layer_11_prefix": 0.542729914188385,
    "eval/gating/layer_12_adapter-empathy": 0.8162869811058044,
    "eval/gating/layer_12_lora_query": 0.9060101509094238,
    "eval/gating/layer_12_lora_value": 0.935651421546936,
    "eval/gating/layer_12_prefix": 0.7806109189987183,
    "eval/gating/layer_1_adapter-empathy": 0.8756980895996094,
    "eval/gating/layer_1_lora_query": 0.865362823009491,
    "eval/gating/layer_1_lora_value": 0.8436794281005859,
    "eval/gating/layer_1_prefix": 0.7679747939109802,
    "eval/gating/layer_2_adapter-empathy": 0.9392682313919067,
    "eval/gating/layer_2_lora_query": 0.9070432186126709,
    "eval/gating/layer_2_lora_value": 0.8074798583984375,
    "eval/gating/layer_2_prefix": 0.8479023575782776,
    "eval/gating/layer_3_adapter-empathy": 0.9047473669052124,
    "eval/gating/layer_3_lora_query": 0.9606088399887085,
    "eval/gating/layer_3_lora_value": 0.8406177759170532,
    "eval/gating/layer_3_prefix": 0.8669161200523376,
    "eval/gating/layer_4_adapter-empathy": 0.871455729007721,
    "eval/gating/layer_4_lora_query": 0.9426931738853455,
    "eval/gating/layer_4_lora_value": 0.75495445728302,
    "eval/gating/layer_4_prefix": 0.7037785649299622,
    "eval/gating/layer_5_adapter-empathy": 0.8813573718070984,
    "eval/gating/layer_5_lora_query": 0.933299720287323,
    "eval/gating/layer_5_lora_value": 0.8407070636749268,
    "eval/gating/layer_5_prefix": 0.8105401992797852,
    "eval/gating/layer_6_adapter-empathy": 0.8246196508407593,
    "eval/gating/layer_6_lora_query": 0.940275251865387,
    "eval/gating/layer_6_lora_value": 0.7342596054077148,
    "eval/gating/layer_6_prefix": 0.7909532785415649,
    "eval/gating/layer_7_adapter-empathy": 0.8901323080062866,
    "eval/gating/layer_7_lora_query": 0.9526616334915161,
    "eval/gating/layer_7_lora_value": 0.8711455464363098,
    "eval/gating/layer_7_prefix": 0.7879171371459961,
    "eval/gating/layer_8_adapter-empathy": 0.788872241973877,
    "eval/gating/layer_8_lora_query": 0.9323098063468933,
    "eval/gating/layer_8_lora_value": 0.6624006628990173,
    "eval/gating/layer_8_prefix": 0.8139075040817261,
    "eval/gating/layer_9_adapter-empathy": 0.8095604777336121,
    "eval/gating/layer_9_lora_query": 0.9464670419692993,
    "eval/gating/layer_9_lora_value": 0.6376418471336365,
    "eval/gating/layer_9_prefix": 0.7622301578521729,
    "eval/loss": 0.08512092381715775,
    "eval/mse": 0.13354258239269257,
    "eval/pearsonr": 0.40578881055263055,
    "eval/runtime": 3.0353,
    "eval/samples_per_second": 88.953,
    "eval_mem_cpu_alloc_delta": 24576,
    "eval_mem_cpu_peaked_delta": 0,
    "eval_mem_gpu_alloc_delta": 0,
    "eval_mem_gpu_peaked_delta": 207628288,
    "eval_samples": 270,
    "is_best": false
}