{
    "early_stop": false,
    "epoch": 15.0,
    "eval/gating/layer_10_adapter-bert-base-uncased-pf-emotion": 0.5742241740226746,
    "eval/gating/layer_10_adapter-distress": 0.815954864025116,
    "eval/gating/layer_10_lora_query": 0.9363526701927185,
    "eval/gating/layer_10_lora_value": 0.8341573476791382,
    "eval/gating/layer_10_prefix": 0.6797090768814087,
    "eval/gating/layer_11_adapter-bert-base-uncased-pf-emotion": 0.484855055809021,
    "eval/gating/layer_11_adapter-distress": 0.8049542903900146,
    "eval/gating/layer_11_lora_query": 0.9166109561920166,
    "eval/gating/layer_11_lora_value": 0.9119385480880737,
    "eval/gating/layer_11_prefix": 0.6798539161682129,
    "eval/gating/layer_12_adapter-bert-base-uncased-pf-emotion": 0.7297223806381226,
    "eval/gating/layer_12_adapter-distress": 0.7946889996528625,
    "eval/gating/layer_12_lora_query": 0.953040361404419,
    "eval/gating/layer_12_lora_value": 0.8120486736297607,
    "eval/gating/layer_12_prefix": 0.738871693611145,
    "eval/gating/layer_1_adapter-bert-base-uncased-pf-emotion": 0.411334365606308,
    "eval/gating/layer_1_adapter-distress": 0.9014652967453003,
    "eval/gating/layer_1_lora_query": 0.8291804790496826,
    "eval/gating/layer_1_lora_value": 0.8075082302093506,
    "eval/gating/layer_1_prefix": 0.7480945587158203,
    "eval/gating/layer_2_adapter-bert-base-uncased-pf-emotion": 0.537226140499115,
    "eval/gating/layer_2_adapter-distress": 0.9077518582344055,
    "eval/gating/layer_2_lora_query": 0.8804506659507751,
    "eval/gating/layer_2_lora_value": 0.7887633442878723,
    "eval/gating/layer_2_prefix": 0.8513060212135315,
    "eval/gating/layer_3_adapter-bert-base-uncased-pf-emotion": 0.4586763381958008,
    "eval/gating/layer_3_adapter-distress": 0.8463921546936035,
    "eval/gating/layer_3_lora_query": 0.9536494016647339,
    "eval/gating/layer_3_lora_value": 0.7896198630332947,
    "eval/gating/layer_3_prefix": 0.7374007701873779,
    "eval/gating/layer_4_adapter-bert-base-uncased-pf-emotion": 0.39867085218429565,
    "eval/gating/layer_4_adapter-distress": 0.8764163255691528,
    "eval/gating/layer_4_lora_query": 0.9372875094413757,
    "eval/gating/layer_4_lora_value": 0.8169316649436951,
    "eval/gating/layer_4_prefix": 0.6651356220245361,
    "eval/gating/layer_5_adapter-bert-base-uncased-pf-emotion": 0.4594046473503113,
    "eval/gating/layer_5_adapter-distress": 0.8609007000923157,
    "eval/gating/layer_5_lora_query": 0.9539830088615417,
    "eval/gating/layer_5_lora_value": 0.7265377044677734,
    "eval/gating/layer_5_prefix": 0.5520849823951721,
    "eval/gating/layer_6_adapter-bert-base-uncased-pf-emotion": 0.46194782853126526,
    "eval/gating/layer_6_adapter-distress": 0.7887368202209473,
    "eval/gating/layer_6_lora_query": 0.9327870607376099,
    "eval/gating/layer_6_lora_value": 0.8040663599967957,
    "eval/gating/layer_6_prefix": 0.6296665072441101,
    "eval/gating/layer_7_adapter-bert-base-uncased-pf-emotion": 0.5015166997909546,
    "eval/gating/layer_7_adapter-distress": 0.8889482021331787,
    "eval/gating/layer_7_lora_query": 0.9514503479003906,
    "eval/gating/layer_7_lora_value": 0.8335502743721008,
    "eval/gating/layer_7_prefix": 0.777094841003418,
    "eval/gating/layer_8_adapter-bert-base-uncased-pf-emotion": 0.3311496078968048,
    "eval/gating/layer_8_adapter-distress": 0.7523401379585266,
    "eval/gating/layer_8_lora_query": 0.9255849719047546,
    "eval/gating/layer_8_lora_value": 0.8070921897888184,
    "eval/gating/layer_8_prefix": 0.6703013181686401,
    "eval/gating/layer_9_adapter-bert-base-uncased-pf-emotion": 0.47896164655685425,
    "eval/gating/layer_9_adapter-distress": 0.8168363571166992,
    "eval/gating/layer_9_lora_query": 0.9327830672264099,
    "eval/gating/layer_9_lora_value": 0.7690929174423218,
    "eval/gating/layer_9_prefix": 0.7531758546829224,
    "eval/loss": 0.09596700221300125,
    "eval/mse": 0.15952280163764954,
    "eval/pearsonr": 0.4182362090779794,
    "eval/runtime": 1.8769,
    "eval/samples_per_second": 143.851,
    "eval_mem_cpu_alloc_delta": 32768,
    "eval_mem_cpu_peaked_delta": 0,
    "eval_mem_gpu_alloc_delta": 0,
    "eval_mem_gpu_peaked_delta": 207627776,
    "eval_samples": 270,
    "is_best": false
}