{
    "early_stop": false,
    "epoch": 15.0,
    "eval/gating/layer_10_adapter-distress": 0.662618100643158,
    "eval/gating/layer_11_adapter-distress": 0.7333978414535522,
    "eval/gating/layer_12_adapter-distress": 0.7498994469642639,
    "eval/gating/layer_1_adapter-distress": 0.8973749876022339,
    "eval/gating/layer_2_adapter-distress": 0.8950072526931763,
    "eval/gating/layer_3_adapter-distress": 0.9199179410934448,
    "eval/gating/layer_4_adapter-distress": 0.841998279094696,
    "eval/gating/layer_5_adapter-distress": 0.8573827147483826,
    "eval/gating/layer_6_adapter-distress": 0.8452346324920654,
    "eval/gating/layer_7_adapter-distress": 0.8475946187973022,
    "eval/gating/layer_8_adapter-distress": 0.6730825304985046,
    "eval/gating/layer_9_adapter-distress": 0.8578274250030518,
    "eval/loss": 0.09180514514446259,
    "eval/mse": 0.15495796501636505,
    "eval/pearsonr": 0.4329001219570455,
    "eval/runtime": 1.3346,
    "eval/samples_per_second": 202.303,
    "eval_mem_cpu_alloc_delta": 0,
    "eval_mem_cpu_peaked_delta": 0,
    "eval_mem_gpu_alloc_delta": 0,
    "eval_mem_gpu_peaked_delta": 188864512,
    "eval_samples": 270,
    "is_best": false
}