{
    "early_stop": false,
    "epoch": 15.0,
    "eval/gating/layer_10_prefix": 0.7779734134674072,
    "eval/gating/layer_11_prefix": 0.6664484739303589,
    "eval/gating/layer_12_prefix": 0.5162115097045898,
    "eval/gating/layer_1_prefix": 0.7511823773384094,
    "eval/gating/layer_2_prefix": 0.8067256808280945,
    "eval/gating/layer_3_prefix": 0.645063042640686,
    "eval/gating/layer_4_prefix": 0.7765816450119019,
    "eval/gating/layer_5_prefix": 0.844846248626709,
    "eval/gating/layer_6_prefix": 0.8270502090454102,
    "eval/gating/layer_7_prefix": 0.7676982879638672,
    "eval/gating/layer_8_prefix": 0.8240967988967896,
    "eval/gating/layer_9_prefix": 0.8151665925979614,
    "eval/loss": 0.08627143502235413,
    "eval/mse": 0.13712111115455627,
    "eval/pearsonr": 0.4300421689376206,
    "eval/runtime": 1.7221,
    "eval/samples_per_second": 156.785,
    "eval_mem_cpu_alloc_delta": 8192,
    "eval_mem_cpu_peaked_delta": 0,
    "eval_mem_gpu_alloc_delta": 0,
    "eval_mem_gpu_peaked_delta": 207628288,
    "eval_samples": 270,
    "is_best": false
}