{
    "early_stop": false,
    "epoch": 15.0,
    "eval/gating/layer_10_adapter-distress": 0.8352367281913757,
    "eval/gating/layer_10_lora_query": 0.9622926115989685,
    "eval/gating/layer_10_lora_value": 0.7730774283409119,
    "eval/gating/layer_10_prefix": 0.7081166505813599,
    "eval/gating/layer_11_adapter-distress": 0.8317123055458069,
    "eval/gating/layer_11_lora_query": 0.8828124403953552,
    "eval/gating/layer_11_lora_value": 0.672757089138031,
    "eval/gating/layer_11_prefix": 0.49676641821861267,
    "eval/gating/layer_12_adapter-distress": 0.8308137059211731,
    "eval/gating/layer_12_lora_query": 0.7594491243362427,
    "eval/gating/layer_12_lora_value": 0.8646303415298462,
    "eval/gating/layer_12_prefix": 0.824026346206665,
    "eval/gating/layer_1_adapter-distress": 0.898043692111969,
    "eval/gating/layer_1_lora_query": 0.869724452495575,
    "eval/gating/layer_1_lora_value": 0.874826192855835,
    "eval/gating/layer_1_prefix": 0.6445832252502441,
    "eval/gating/layer_2_adapter-distress": 0.9077697396278381,
    "eval/gating/layer_2_lora_query": 0.9191977977752686,
    "eval/gating/layer_2_lora_value": 0.823318362236023,
    "eval/gating/layer_2_prefix": 0.8234480023384094,
    "eval/gating/layer_3_adapter-distress": 0.9219059944152832,
    "eval/gating/layer_3_lora_query": 0.9623575806617737,
    "eval/gating/layer_3_lora_value": 0.8004191517829895,
    "eval/gating/layer_3_prefix": 0.8515039682388306,
    "eval/gating/layer_4_adapter-distress": 0.8949276804924011,
    "eval/gating/layer_4_lora_query": 0.9514776468276978,
    "eval/gating/layer_4_lora_value": 0.835527777671814,
    "eval/gating/layer_4_prefix": 0.5816361308097839,
    "eval/gating/layer_5_adapter-distress": 0.8988026976585388,
    "eval/gating/layer_5_lora_query": 0.9402158260345459,
    "eval/gating/layer_5_lora_value": 0.8903935551643372,
    "eval/gating/layer_5_prefix": 0.6653748750686646,
    "eval/gating/layer_6_adapter-distress": 0.8948047161102295,
    "eval/gating/layer_6_lora_query": 0.9665494561195374,
    "eval/gating/layer_6_lora_value": 0.7695533037185669,
    "eval/gating/layer_6_prefix": 0.7099578976631165,
    "eval/gating/layer_7_adapter-distress": 0.8926185369491577,
    "eval/gating/layer_7_lora_query": 0.9493091702461243,
    "eval/gating/layer_7_lora_value": 0.8915086984634399,
    "eval/gating/layer_7_prefix": 0.6937314867973328,
    "eval/gating/layer_8_adapter-distress": 0.7681229114532471,
    "eval/gating/layer_8_lora_query": 0.9233443140983582,
    "eval/gating/layer_8_lora_value": 0.7824588418006897,
    "eval/gating/layer_8_prefix": 0.7115139961242676,
    "eval/gating/layer_9_adapter-distress": 0.8029612898826599,
    "eval/gating/layer_9_lora_query": 0.9497952461242676,
    "eval/gating/layer_9_lora_value": 0.66487717628479,
    "eval/gating/layer_9_prefix": 0.7222144603729248,
    "eval/loss": 0.09195490926504135,
    "eval/mse": 0.1594351977109909,
    "eval/pearsonr": 0.44378189299963694,
    "eval/runtime": 2.4897,
    "eval/samples_per_second": 108.447,
    "eval_mem_cpu_alloc_delta": 8192,
    "eval_mem_cpu_peaked_delta": 0,
    "eval_mem_gpu_alloc_delta": 0,
    "eval_mem_gpu_peaked_delta": 207628288,
    "eval_samples": 270,
    "is_best": false
}