{
    "early_stop": false,
    "epoch": 15.0,
    "eval/gating/layer_10_adapter-distress": 0.8749505281448364,
    "eval/gating/layer_11_adapter-distress": 0.9284098148345947,
    "eval/gating/layer_12_adapter-distress": 0.7939072847366333,
    "eval/gating/layer_1_adapter-distress": 0.9249709248542786,
    "eval/gating/layer_2_adapter-distress": 0.9044071435928345,
    "eval/gating/layer_3_adapter-distress": 0.916951060295105,
    "eval/gating/layer_4_adapter-distress": 0.9140695333480835,
    "eval/gating/layer_5_adapter-distress": 0.9104463458061218,
    "eval/gating/layer_6_adapter-distress": 0.9268537759780884,
    "eval/gating/layer_7_adapter-distress": 0.8786550760269165,
    "eval/gating/layer_8_adapter-distress": 0.9158645272254944,
    "eval/gating/layer_9_adapter-distress": 0.6764607429504395,
    "eval/loss": 0.09371344745159149,
    "eval/mse": 0.16178391873836517,
    "eval/pearsonr": 0.4396139996116243,
    "eval/runtime": 1.7473,
    "eval/samples_per_second": 154.526,
    "eval_mem_cpu_alloc_delta": 270336,
    "eval_mem_cpu_peaked_delta": 0,
    "eval_mem_gpu_alloc_delta": 0,
    "eval_mem_gpu_peaked_delta": 188864512,
    "eval_samples": 270,
    "is_best": false
}