{
    "early_stop": false,
    "epoch": 15.0,
    "eval/gating/layer_10_adapter-distress": 0.8006585240364075,
    "eval/gating/layer_10_lora_query": 0.9869967699050903,
    "eval/gating/layer_10_lora_value": 0.5091010332107544,
    "eval/gating/layer_10_prefix": 0.5020456314086914,
    "eval/gating/layer_11_adapter-distress": 0.635675847530365,
    "eval/gating/layer_11_lora_query": 0.7207958102226257,
    "eval/gating/layer_11_lora_value": 0.8304568529129028,
    "eval/gating/layer_11_prefix": 0.28341343998908997,
    "eval/gating/layer_12_adapter-distress": 0.7680659890174866,
    "eval/gating/layer_12_lora_query": 0.711938738822937,
    "eval/gating/layer_12_lora_value": 0.844287097454071,
    "eval/gating/layer_12_prefix": 0.4130014181137085,
    "eval/gating/layer_1_adapter-distress": 0.9389186501502991,
    "eval/gating/layer_1_lora_query": 0.9785118103027344,
    "eval/gating/layer_1_lora_value": 0.9352393746376038,
    "eval/gating/layer_1_prefix": 0.16520296037197113,
    "eval/gating/layer_2_adapter-distress": 0.9661576747894287,
    "eval/gating/layer_2_lora_query": 0.9886634349822998,
    "eval/gating/layer_2_lora_value": 0.7800631523132324,
    "eval/gating/layer_2_prefix": 0.16608208417892456,
    "eval/gating/layer_3_adapter-distress": 0.9599502682685852,
    "eval/gating/layer_3_lora_query": 0.9964396357536316,
    "eval/gating/layer_3_lora_value": 0.9666122198104858,
    "eval/gating/layer_3_prefix": 0.12435518950223923,
    "eval/gating/layer_4_adapter-distress": 0.9480558633804321,
    "eval/gating/layer_4_lora_query": 0.991637647151947,
    "eval/gating/layer_4_lora_value": 0.905081033706665,
    "eval/gating/layer_4_prefix": 0.17020781338214874,
    "eval/gating/layer_5_adapter-distress": 0.9036559462547302,
    "eval/gating/layer_5_lora_query": 0.99516361951828,
    "eval/gating/layer_5_lora_value": 0.8938032984733582,
    "eval/gating/layer_5_prefix": 0.07148240506649017,
    "eval/gating/layer_6_adapter-distress": 0.8185392618179321,
    "eval/gating/layer_6_lora_query": 0.9915722608566284,
    "eval/gating/layer_6_lora_value": 0.9478513598442078,
    "eval/gating/layer_6_prefix": 0.37566640973091125,
    "eval/gating/layer_7_adapter-distress": 0.8552895188331604,
    "eval/gating/layer_7_lora_query": 0.9945337772369385,
    "eval/gating/layer_7_lora_value": 0.9633029103279114,
    "eval/gating/layer_7_prefix": 0.43638765811920166,
    "eval/gating/layer_8_adapter-distress": 0.5859858393669128,
    "eval/gating/layer_8_lora_query": 0.9608956575393677,
    "eval/gating/layer_8_lora_value": 0.9662370085716248,
    "eval/gating/layer_8_prefix": 0.46597760915756226,
    "eval/gating/layer_9_adapter-distress": 0.6567537188529968,
    "eval/gating/layer_9_lora_query": 0.9827448725700378,
    "eval/gating/layer_9_lora_value": 0.647458553314209,
    "eval/gating/layer_9_prefix": 0.58194500207901,
    "eval/loss": 0.1043078675866127,
    "eval/mse": 0.16830596327781677,
    "eval/pearsonr": 0.3905904113275279,
    "eval/runtime": 2.4815,
    "eval/samples_per_second": 108.807,
    "eval_mem_cpu_alloc_delta": 20480,
    "eval_mem_cpu_peaked_delta": 0,
    "eval_mem_gpu_alloc_delta": 0,
    "eval_mem_gpu_peaked_delta": 207627776,
    "eval_samples": 270,
    "is_best": false
}