{
    "early_stop": false,
    "epoch": 15.0,
    "eval/gating/layer_10_adapter-empathy": 0.7764565944671631,
    "eval/gating/layer_10_lora_query": 0.9599010944366455,
    "eval/gating/layer_10_lora_value": 0.8004264235496521,
    "eval/gating/layer_10_prefix": 0.7597199082374573,
    "eval/gating/layer_11_adapter-empathy": 0.6658899784088135,
    "eval/gating/layer_11_lora_query": 0.9036059975624084,
    "eval/gating/layer_11_lora_value": 0.9067017436027527,
    "eval/gating/layer_11_prefix": 0.6589138507843018,
    "eval/gating/layer_12_adapter-empathy": 0.7859011292457581,
    "eval/gating/layer_12_lora_query": 0.9068633913993835,
    "eval/gating/layer_12_lora_value": 0.843049168586731,
    "eval/gating/layer_12_prefix": 0.663162112236023,
    "eval/gating/layer_1_adapter-empathy": 0.7927964925765991,
    "eval/gating/layer_1_lora_query": 0.9059848785400391,
    "eval/gating/layer_1_lora_value": 0.8194001913070679,
    "eval/gating/layer_1_prefix": 0.7696887254714966,
    "eval/gating/layer_2_adapter-empathy": 0.8242096304893494,
    "eval/gating/layer_2_lora_query": 0.9033327698707581,
    "eval/gating/layer_2_lora_value": 0.7653040289878845,
    "eval/gating/layer_2_prefix": 0.8548235297203064,
    "eval/gating/layer_3_adapter-empathy": 0.6550765037536621,
    "eval/gating/layer_3_lora_query": 0.9735599160194397,
    "eval/gating/layer_3_lora_value": 0.7809134721755981,
    "eval/gating/layer_3_prefix": 0.8022131323814392,
    "eval/gating/layer_4_adapter-empathy": 0.7513979077339172,
    "eval/gating/layer_4_lora_query": 0.9548170566558838,
    "eval/gating/layer_4_lora_value": 0.7628470063209534,
    "eval/gating/layer_4_prefix": 0.7960431575775146,
    "eval/gating/layer_5_adapter-empathy": 0.7801492214202881,
    "eval/gating/layer_5_lora_query": 0.9701417684555054,
    "eval/gating/layer_5_lora_value": 0.7470133304595947,
    "eval/gating/layer_5_prefix": 0.6334993243217468,
    "eval/gating/layer_6_adapter-empathy": 0.6727038621902466,
    "eval/gating/layer_6_lora_query": 0.9806042909622192,
    "eval/gating/layer_6_lora_value": 0.8659909963607788,
    "eval/gating/layer_6_prefix": 0.6760426163673401,
    "eval/gating/layer_7_adapter-empathy": 0.7009599208831787,
    "eval/gating/layer_7_lora_query": 0.9774304628372192,
    "eval/gating/layer_7_lora_value": 0.8611973524093628,
    "eval/gating/layer_7_prefix": 0.8012871742248535,
    "eval/gating/layer_8_adapter-empathy": 0.6208128333091736,
    "eval/gating/layer_8_lora_query": 0.9443625807762146,
    "eval/gating/layer_8_lora_value": 0.7880154252052307,
    "eval/gating/layer_8_prefix": 0.7709999680519104,
    "eval/gating/layer_9_adapter-empathy": 0.6374065279960632,
    "eval/gating/layer_9_lora_query": 0.9593518376350403,
    "eval/gating/layer_9_lora_value": 0.7001566290855408,
    "eval/gating/layer_9_prefix": 0.8277050256729126,
    "eval/loss": 0.09044969081878662,
    "eval/mse": 0.1393534392118454,
    "eval/pearsonr": 0.37854792456877895,
    "eval/runtime": 2.9554,
    "eval/samples_per_second": 91.359,
    "eval_mem_cpu_alloc_delta": 20480,
    "eval_mem_cpu_peaked_delta": 0,
    "eval_mem_gpu_alloc_delta": 0,
    "eval_mem_gpu_peaked_delta": 207627776,
    "eval_samples": 270,
    "is_best": false
}