{
    "early_stop": false,
    "epoch": 15.0,
    "eval/gating/layer_10_adapter-empathy": 0.6217724084854126,
    "eval/gating/layer_11_adapter-empathy": 0.46810105443000793,
    "eval/gating/layer_12_adapter-empathy": 0.7936506867408752,
    "eval/gating/layer_1_adapter-empathy": 0.7996041774749756,
    "eval/gating/layer_2_adapter-empathy": 0.755813479423523,
    "eval/gating/layer_3_adapter-empathy": 0.6268954277038574,
    "eval/gating/layer_4_adapter-empathy": 0.5340386033058167,
    "eval/gating/layer_5_adapter-empathy": 0.7208840250968933,
    "eval/gating/layer_6_adapter-empathy": 0.5723866820335388,
    "eval/gating/layer_7_adapter-empathy": 0.6936156153678894,
    "eval/gating/layer_8_adapter-empathy": 0.7270869612693787,
    "eval/gating/layer_9_adapter-empathy": 0.48902812600135803,
    "eval/loss": 0.08552097529172897,
    "eval/mse": 0.12943114340305328,
    "eval/pearsonr": 0.3869906934700009,
    "eval/runtime": 1.333,
    "eval/samples_per_second": 202.556,
    "eval_mem_cpu_alloc_delta": 90112,
    "eval_mem_cpu_peaked_delta": 0,
    "eval_mem_gpu_alloc_delta": 0,
    "eval_mem_gpu_peaked_delta": 188864000,
    "eval_samples": 270,
    "is_best": false
}