{
    "early_stop": false,
    "epoch": 15.0,
    "eval/gating/layer_10_adapter-empathy": 0.8271251916885376,
    "eval/gating/layer_10_lora_query": 0.9251700639724731,
    "eval/gating/layer_10_lora_value": 0.7193319201469421,
    "eval/gating/layer_10_prefix": 0.7583376169204712,
    "eval/gating/layer_11_adapter-empathy": 0.8102597594261169,
    "eval/gating/layer_11_lora_query": 0.9238111972808838,
    "eval/gating/layer_11_lora_value": 0.8473498225212097,
    "eval/gating/layer_11_prefix": 0.714208722114563,
    "eval/gating/layer_12_adapter-empathy": 0.7140945792198181,
    "eval/gating/layer_12_lora_query": 0.9107586741447449,
    "eval/gating/layer_12_lora_value": 0.8273859620094299,
    "eval/gating/layer_12_prefix": 0.7165057063102722,
    "eval/gating/layer_1_adapter-empathy": 0.9160374402999878,
    "eval/gating/layer_1_lora_query": 0.880559504032135,
    "eval/gating/layer_1_lora_value": 0.8075658679008484,
    "eval/gating/layer_1_prefix": 0.7575676441192627,
    "eval/gating/layer_2_adapter-empathy": 0.9179610013961792,
    "eval/gating/layer_2_lora_query": 0.9354567527770996,
    "eval/gating/layer_2_lora_value": 0.7686300277709961,
    "eval/gating/layer_2_prefix": 0.8485271334648132,
    "eval/gating/layer_3_adapter-empathy": 0.8785499334335327,
    "eval/gating/layer_3_lora_query": 0.9743901491165161,
    "eval/gating/layer_3_lora_value": 0.7645365595817566,
    "eval/gating/layer_3_prefix": 0.8158413767814636,
    "eval/gating/layer_4_adapter-empathy": 0.8943833708763123,
    "eval/gating/layer_4_lora_query": 0.9538918733596802,
    "eval/gating/layer_4_lora_value": 0.7714847922325134,
    "eval/gating/layer_4_prefix": 0.7294164896011353,
    "eval/gating/layer_5_adapter-empathy": 0.815650999546051,
    "eval/gating/layer_5_lora_query": 0.9747805595397949,
    "eval/gating/layer_5_lora_value": 0.7469992637634277,
    "eval/gating/layer_5_prefix": 0.6514453887939453,
    "eval/gating/layer_6_adapter-empathy": 0.7360230088233948,
    "eval/gating/layer_6_lora_query": 0.9290891289710999,
    "eval/gating/layer_6_lora_value": 0.7959121465682983,
    "eval/gating/layer_6_prefix": 0.7354409098625183,
    "eval/gating/layer_7_adapter-empathy": 0.7780390381813049,
    "eval/gating/layer_7_lora_query": 0.9679354429244995,
    "eval/gating/layer_7_lora_value": 0.8428566455841064,
    "eval/gating/layer_7_prefix": 0.7665843963623047,
    "eval/gating/layer_8_adapter-empathy": 0.6209120750427246,
    "eval/gating/layer_8_lora_query": 0.9257750511169434,
    "eval/gating/layer_8_lora_value": 0.7388145327568054,
    "eval/gating/layer_8_prefix": 0.7728081345558167,
    "eval/gating/layer_9_adapter-empathy": 0.7077669501304626,
    "eval/gating/layer_9_lora_query": 0.9627501368522644,
    "eval/gating/layer_9_lora_value": 0.6545490026473999,
    "eval/gating/layer_9_prefix": 0.7953103184700012,
    "eval/loss": 0.08110066503286362,
    "eval/mse": 0.13331115245819092,
    "eval/pearsonr": 0.4354851307031996,
    "eval/runtime": 1.6808,
    "eval/samples_per_second": 160.637,
    "eval_mem_cpu_alloc_delta": 81920,
    "eval_mem_cpu_peaked_delta": 0,
    "eval_mem_gpu_alloc_delta": 0,
    "eval_mem_gpu_peaked_delta": 207627776,
    "eval_samples": 270,
    "is_best": false
}