{
    "early_stop": false,
    "epoch": 15.0,
    "eval/gating/layer_10_prefix": 0.7869449853897095,
    "eval/gating/layer_11_prefix": 0.6755224466323853,
    "eval/gating/layer_12_prefix": 0.5608389973640442,
    "eval/gating/layer_1_prefix": 0.8230990767478943,
    "eval/gating/layer_2_prefix": 0.861144483089447,
    "eval/gating/layer_3_prefix": 0.8690045475959778,
    "eval/gating/layer_4_prefix": 0.7611621618270874,
    "eval/gating/layer_5_prefix": 0.803292989730835,
    "eval/gating/layer_6_prefix": 0.7553734183311462,
    "eval/gating/layer_7_prefix": 0.6825324296951294,
    "eval/gating/layer_8_prefix": 0.8145236372947693,
    "eval/gating/layer_9_prefix": 0.779121458530426,
    "eval/loss": 0.08517865091562271,
    "eval/mse": 0.14110474288463593,
    "eval/pearsonr": 0.44755968448437006,
    "eval/runtime": 1.7861,
    "eval/samples_per_second": 151.17,
    "eval_mem_cpu_alloc_delta": 16384,
    "eval_mem_cpu_peaked_delta": 0,
    "eval_mem_gpu_alloc_delta": 0,
    "eval_mem_gpu_peaked_delta": 207628288,
    "eval_samples": 270,
    "is_best": false
}