{
    "early_stop": false,
    "epoch": 15.0,
    "eval/gating/layer_10_adapter-distress": 0.908224880695343,
    "eval/gating/layer_11_adapter-distress": 0.8231828212738037,
    "eval/gating/layer_12_adapter-distress": 0.8510660529136658,
    "eval/gating/layer_1_adapter-distress": 0.9434917569160461,
    "eval/gating/layer_2_adapter-distress": 0.9332045316696167,
    "eval/gating/layer_3_adapter-distress": 0.9415326118469238,
    "eval/gating/layer_4_adapter-distress": 0.9045807719230652,
    "eval/gating/layer_5_adapter-distress": 0.8793490529060364,
    "eval/gating/layer_6_adapter-distress": 0.9448015689849854,
    "eval/gating/layer_7_adapter-distress": 0.9031885266304016,
    "eval/gating/layer_8_adapter-distress": 0.8717910051345825,
    "eval/gating/layer_9_adapter-distress": 0.7922486066818237,
    "eval/loss": 0.09301124513149261,
    "eval/mse": 0.16162264347076416,
    "eval/pearsonr": 0.4419520145779479,
    "eval/runtime": 2.6545,
    "eval/samples_per_second": 101.715,
    "eval_mem_cpu_alloc_delta": 4096,
    "eval_mem_cpu_peaked_delta": 0,
    "eval_mem_gpu_alloc_delta": 0,
    "eval_mem_gpu_peaked_delta": 188864512,
    "eval_samples": 270,
    "is_best": false
}