{
    "early_stop": false,
    "epoch": 15.0,
    "eval/gating/layer_10_adapter-bert-base-uncased-pf-emotion": 0.5951934456825256,
    "eval/gating/layer_10_adapter-empathy": 0.8338199257850647,
    "eval/gating/layer_10_lora_query": 0.9235854744911194,
    "eval/gating/layer_10_lora_value": 0.7735859751701355,
    "eval/gating/layer_10_prefix": 0.7519659996032715,
    "eval/gating/layer_11_adapter-bert-base-uncased-pf-emotion": 0.44423529505729675,
    "eval/gating/layer_11_adapter-empathy": 0.8360903859138489,
    "eval/gating/layer_11_lora_query": 0.9371238350868225,
    "eval/gating/layer_11_lora_value": 0.8849776387214661,
    "eval/gating/layer_11_prefix": 0.7093777656555176,
    "eval/gating/layer_12_adapter-bert-base-uncased-pf-emotion": 0.6737221479415894,
    "eval/gating/layer_12_adapter-empathy": 0.740842878818512,
    "eval/gating/layer_12_lora_query": 0.9350184202194214,
    "eval/gating/layer_12_lora_value": 0.7986388802528381,
    "eval/gating/layer_12_prefix": 0.7193999290466309,
    "eval/gating/layer_1_adapter-bert-base-uncased-pf-emotion": 0.3793276250362396,
    "eval/gating/layer_1_adapter-empathy": 0.9000294804573059,
    "eval/gating/layer_1_lora_query": 0.8603609800338745,
    "eval/gating/layer_1_lora_value": 0.8149011135101318,
    "eval/gating/layer_1_prefix": 0.7699925899505615,
    "eval/gating/layer_2_adapter-bert-base-uncased-pf-emotion": 0.34692588448524475,
    "eval/gating/layer_2_adapter-empathy": 0.8993812799453735,
    "eval/gating/layer_2_lora_query": 0.8650511503219604,
    "eval/gating/layer_2_lora_value": 0.7878475785255432,
    "eval/gating/layer_2_prefix": 0.8865089416503906,
    "eval/gating/layer_3_adapter-bert-base-uncased-pf-emotion": 0.4553731381893158,
    "eval/gating/layer_3_adapter-empathy": 0.8660804629325867,
    "eval/gating/layer_3_lora_query": 0.9530543088912964,
    "eval/gating/layer_3_lora_value": 0.7819222211837769,
    "eval/gating/layer_3_prefix": 0.8116424083709717,
    "eval/gating/layer_4_adapter-bert-base-uncased-pf-emotion": 0.39653557538986206,
    "eval/gating/layer_4_adapter-empathy": 0.9057914018630981,
    "eval/gating/layer_4_lora_query": 0.931860089302063,
    "eval/gating/layer_4_lora_value": 0.8073573708534241,
    "eval/gating/layer_4_prefix": 0.8144222497940063,
    "eval/gating/layer_5_adapter-bert-base-uncased-pf-emotion": 0.4964802861213684,
    "eval/gating/layer_5_adapter-empathy": 0.8530001640319824,
    "eval/gating/layer_5_lora_query": 0.9538653492927551,
    "eval/gating/layer_5_lora_value": 0.7877452373504639,
    "eval/gating/layer_5_prefix": 0.6770079731941223,
    "eval/gating/layer_6_adapter-bert-base-uncased-pf-emotion": 0.3928647041320801,
    "eval/gating/layer_6_adapter-empathy": 0.7759864926338196,
    "eval/gating/layer_6_lora_query": 0.9519941806793213,
    "eval/gating/layer_6_lora_value": 0.8261287808418274,
    "eval/gating/layer_6_prefix": 0.7217642664909363,
    "eval/gating/layer_7_adapter-bert-base-uncased-pf-emotion": 0.4372996985912323,
    "eval/gating/layer_7_adapter-empathy": 0.7932636141777039,
    "eval/gating/layer_7_lora_query": 0.9675627946853638,
    "eval/gating/layer_7_lora_value": 0.8448053002357483,
    "eval/gating/layer_7_prefix": 0.8371970057487488,
    "eval/gating/layer_8_adapter-bert-base-uncased-pf-emotion": 0.27149656414985657,
    "eval/gating/layer_8_adapter-empathy": 0.6334389448165894,
    "eval/gating/layer_8_lora_query": 0.8138985633850098,
    "eval/gating/layer_8_lora_value": 0.7194918394088745,
    "eval/gating/layer_8_prefix": 0.8316154479980469,
    "eval/gating/layer_9_adapter-bert-base-uncased-pf-emotion": 0.49579593539237976,
    "eval/gating/layer_9_adapter-empathy": 0.681132972240448,
    "eval/gating/layer_9_lora_query": 0.9537904858589172,
    "eval/gating/layer_9_lora_value": 0.6659256219863892,
    "eval/gating/layer_9_prefix": 0.8210934996604919,
    "eval/loss": 0.08554762601852417,
    "eval/mse": 0.1330421417951584,
    "eval/pearsonr": 0.397840142476501,
    "eval/runtime": 1.7333,
    "eval/samples_per_second": 155.769,
    "eval_mem_cpu_alloc_delta": 8192,
    "eval_mem_cpu_peaked_delta": 0,
    "eval_mem_gpu_alloc_delta": 0,
    "eval_mem_gpu_peaked_delta": 207627776,
    "eval_samples": 270,
    "is_best": false
}