{
    "early_stop": false,
    "epoch": 15.0,
    "eval/gating/layer_10_adapter-distress": 0.8894580602645874,
    "eval/gating/layer_11_adapter-distress": 0.8201392292976379,
    "eval/gating/layer_12_adapter-distress": 0.776181697845459,
    "eval/gating/layer_1_adapter-distress": 0.8867452144622803,
    "eval/gating/layer_2_adapter-distress": 0.8814476728439331,
    "eval/gating/layer_3_adapter-distress": 0.9197551012039185,
    "eval/gating/layer_4_adapter-distress": 0.8875372409820557,
    "eval/gating/layer_5_adapter-distress": 0.895219087600708,
    "eval/gating/layer_6_adapter-distress": 0.8854386210441589,
    "eval/gating/layer_7_adapter-distress": 0.8592603206634521,
    "eval/gating/layer_8_adapter-distress": 0.8643397688865662,
    "eval/gating/layer_9_adapter-distress": 0.8730922937393188,
    "eval/loss": 0.09518494457006454,
    "eval/mse": 0.15305660665035248,
    "eval/pearsonr": 0.4040147465267648,
    "eval/runtime": 3.0374,
    "eval/samples_per_second": 88.891,
    "eval_mem_cpu_alloc_delta": 20480,
    "eval_mem_cpu_peaked_delta": 0,
    "eval_mem_gpu_alloc_delta": 0,
    "eval_mem_gpu_peaked_delta": 188864512,
    "eval_samples": 270,
    "is_best": false
}