{
    "early_stop": false,
    "epoch": 15.0,
    "eval/gating/layer_10_adapter-distress": 0.6169146299362183,
    "eval/gating/layer_11_adapter-distress": 0.4820234775543213,
    "eval/gating/layer_12_adapter-distress": 0.843563973903656,
    "eval/gating/layer_1_adapter-distress": 0.833124041557312,
    "eval/gating/layer_2_adapter-distress": 0.794151782989502,
    "eval/gating/layer_3_adapter-distress": 0.698962926864624,
    "eval/gating/layer_4_adapter-distress": 0.6658622026443481,
    "eval/gating/layer_5_adapter-distress": 0.6731123924255371,
    "eval/gating/layer_6_adapter-distress": 0.6094245314598083,
    "eval/gating/layer_7_adapter-distress": 0.683516800403595,
    "eval/gating/layer_8_adapter-distress": 0.7216731905937195,
    "eval/gating/layer_9_adapter-distress": 0.4471808671951294,
    "eval/loss": 0.10439687967300415,
    "eval/mse": 0.15288381278514862,
    "eval/pearsonr": 0.3389223710788534,
    "eval/runtime": 1.3234,
    "eval/samples_per_second": 204.026,
    "eval_mem_cpu_alloc_delta": 16384,
    "eval_mem_cpu_peaked_delta": 0,
    "eval_mem_gpu_alloc_delta": 0,
    "eval_mem_gpu_peaked_delta": 188864000,
    "eval_samples": 270,
    "is_best": false
}