{
    "early_stop": false,
    "epoch": 3.0,
    "eval/gating/layer_10_adapter-empathy": 0.6039530038833618,
    "eval/gating/layer_11_adapter-empathy": 0.4768856167793274,
    "eval/gating/layer_12_adapter-empathy": 0.5706830024719238,
    "eval/gating/layer_1_adapter-empathy": 0.6603450775146484,
    "eval/gating/layer_2_adapter-empathy": 0.6135140061378479,
    "eval/gating/layer_3_adapter-empathy": 0.5622689127922058,
    "eval/gating/layer_4_adapter-empathy": 0.6912984848022461,
    "eval/gating/layer_5_adapter-empathy": 0.6326926350593567,
    "eval/gating/layer_6_adapter-empathy": 0.6069591045379639,
    "eval/gating/layer_7_adapter-empathy": 0.5798511505126953,
    "eval/gating/layer_8_adapter-empathy": 0.715164840221405,
    "eval/gating/layer_9_adapter-empathy": 0.5574318766593933,
    "eval/loss": 0.08710717409849167,
    "eval/mse": 0.10847365856170654,
    "eval/pearsonr": 0.3066854203689121,
    "eval/runtime": 2.0391,
    "eval/samples_per_second": 132.415,
    "eval_mem_cpu_alloc_delta": 24576,
    "eval_mem_cpu_peaked_delta": 0,
    "eval_mem_gpu_alloc_delta": 0,
    "eval_mem_gpu_peaked_delta": 188864512,
    "eval_samples": 270,
    "is_best": false
}