{
    "early_stop": false,
    "epoch": 15.0,
    "eval/gating/layer_10_adapter-empathy": 0.7709192037582397,
    "eval/gating/layer_11_adapter-empathy": 0.7898860573768616,
    "eval/gating/layer_12_adapter-empathy": 0.7469239830970764,
    "eval/gating/layer_1_adapter-empathy": 0.8913940191268921,
    "eval/gating/layer_2_adapter-empathy": 0.9043796062469482,
    "eval/gating/layer_3_adapter-empathy": 0.9370965957641602,
    "eval/gating/layer_4_adapter-empathy": 0.886306643486023,
    "eval/gating/layer_5_adapter-empathy": 0.8382512927055359,
    "eval/gating/layer_6_adapter-empathy": 0.8745093941688538,
    "eval/gating/layer_7_adapter-empathy": 0.8042203783988953,
    "eval/gating/layer_8_adapter-empathy": 0.7954069972038269,
    "eval/gating/layer_9_adapter-empathy": 0.8463975787162781,
    "eval/loss": 0.08140423893928528,
    "eval/mse": 0.13057813048362732,
    "eval/pearsonr": 0.4263611115819622,
    "eval/runtime": 1.9516,
    "eval/samples_per_second": 138.349,
    "eval_mem_cpu_alloc_delta": 0,
    "eval_mem_cpu_peaked_delta": 0,
    "eval_mem_gpu_alloc_delta": 0,
    "eval_mem_gpu_peaked_delta": 188864512,
    "eval_samples": 270,
    "is_best": false
}