{
    "early_stop": false,
    "epoch": 15.0,
    "eval/gating/layer_10_adapter-empathy": 0.6670306324958801,
    "eval/gating/layer_11_adapter-empathy": 0.8645775318145752,
    "eval/gating/layer_12_adapter-empathy": 0.8147143125534058,
    "eval/gating/layer_1_adapter-empathy": 0.9178962707519531,
    "eval/gating/layer_2_adapter-empathy": 0.9471197128295898,
    "eval/gating/layer_3_adapter-empathy": 0.9300343990325928,
    "eval/gating/layer_4_adapter-empathy": 0.8210568428039551,
    "eval/gating/layer_5_adapter-empathy": 0.8569810390472412,
    "eval/gating/layer_6_adapter-empathy": 0.8498575687408447,
    "eval/gating/layer_7_adapter-empathy": 0.9095357656478882,
    "eval/gating/layer_8_adapter-empathy": 0.7624685168266296,
    "eval/gating/layer_9_adapter-empathy": 0.7423092126846313,
    "eval/loss": 0.08568765223026276,
    "eval/mse": 0.1357681304216385,
    "eval/pearsonr": 0.40739941261613305,
    "eval/runtime": 3.594,
    "eval/samples_per_second": 75.126,
    "eval_mem_cpu_alloc_delta": 0,
    "eval_mem_cpu_peaked_delta": 0,
    "eval_mem_gpu_alloc_delta": 0,
    "eval_mem_gpu_peaked_delta": 188864512,
    "eval_samples": 270,
    "is_best": false
}