{
    "early_stop": false,
    "epoch": 15.0,
    "eval/gating/layer_10_adapter-distress": 0.8752545714378357,
    "eval/gating/layer_11_adapter-distress": 0.9277124404907227,
    "eval/gating/layer_12_adapter-distress": 0.7867182493209839,
    "eval/gating/layer_1_adapter-distress": 0.9224928617477417,
    "eval/gating/layer_2_adapter-distress": 0.9027026891708374,
    "eval/gating/layer_3_adapter-distress": 0.9100403785705566,
    "eval/gating/layer_4_adapter-distress": 0.9192023277282715,
    "eval/gating/layer_5_adapter-distress": 0.9070897102355957,
    "eval/gating/layer_6_adapter-distress": 0.9177026748657227,
    "eval/gating/layer_7_adapter-distress": 0.8815903663635254,
    "eval/gating/layer_8_adapter-distress": 0.9071131348609924,
    "eval/gating/layer_9_adapter-distress": 0.6805757284164429,
    "eval/loss": 0.09296710044145584,
    "eval/mse": 0.16259466111660004,
    "eval/pearsonr": 0.44595680947330363,
    "eval/runtime": 1.6426,
    "eval/samples_per_second": 164.378,
    "eval_mem_cpu_alloc_delta": 8192,
    "eval_mem_cpu_peaked_delta": 0,
    "eval_mem_gpu_alloc_delta": 0,
    "eval_mem_gpu_peaked_delta": 188864512,
    "eval_samples": 270,
    "is_best": false
}